graph_id,family,num_nodes,num_edges,method,k,num_physical_qubits,compression_ratio,density,degree_min,degree_max,degree_mean,degree_std,avg_clustering,transitivity,num_components,largest_component_size,component_size_ratio,algebraic_connectivity,optimal_energy,approximation_ratio,gradient_norm_at_opt,success,convergence_iters,duration_seconds,nfeval,pauli_x_count,pauli_y_count,pauli_z_count,pauli_i_count,pauli_total_ops,pauli_x_frac,pauli_y_frac,pauli_z_frac,pauli_avg_non_id_per_var,pauli_max_non_id_per_var,pauli_num_pauli_strings,llm_tags,llm_model,llm_reasoning
bipartite_12_0,bipartite,12,21,baseline_qaoa,,12,1.0,0.318182,1,5,3.5,1.118,0.0,0.0,1,12,1.0,0.325857,-2.4932250565259526,0.577913,0.002795,True,,0.4423,40,0,0,0,0,0,0.0,0.0,0.0,0.0,0,0,,,
bipartite_12_0,bipartite,12,21,pce_baseline_k1,1.0,4,3.0,0.318182,1,5,3.5,1.118,0.0,0.0,1,12,1.0,0.325857,-1.328749475911669,0.541523,0.003283,True,,0.8372,62,0,0,0,0,0,0.0,0.0,0.0,0.0,0,0,,,
bipartite_12_0,bipartite,12,21,pce_baseline_k2,2.0,3,4.0,0.318182,1,5,3.5,1.118,0.0,0.0,1,12,1.0,0.325857,-4.384238694486992,0.637007,0.011612,True,,0.5896,47,0,0,0,0,0,0.0,0.0,0.0,0.0,0,0,,,
bipartite_12_0,bipartite,12,21,llm_pce,2.0,6,2.0,0.318182,1,5,3.5,1.118,0.0,0.0,1,12,1.0,0.325857,0.433824990199442,0.489671,0.000897,True,,,42,8,8,8,48,72,0.1111,0.1111,0.1111,2.0,2,12,low_order_sufficient,Qwen/Qwen2.5-32B-Instruct,"The graph is bipartite with moderate density and degree, making k=2 suitable for efficient encoding while avoiding barren plateaus."
bipartite_12_1,bipartite,12,14,baseline_qaoa,,12,1.0,0.212121,0,4,2.3333,1.1785,0.0,0.0,2,11,0.916667,0.0,-2.877112808240162,0.602754,0.006968,True,,0.4206,34,0,0,0,0,0,0.0,0.0,0.0,0.0,0,0,,,
bipartite_12_1,bipartite,12,14,pce_baseline_k1,1.0,4,3.0,0.212121,0,4,2.3333,1.1785,0.0,0.0,2,11,0.916667,0.0,-0.8313769992820709,0.529692,0.002894,True,,0.5825,42,0,0,0,0,0,0.0,0.0,0.0,0.0,0,0,,,
bipartite_12_1,bipartite,12,14,pce_baseline_k2,2.0,3,4.0,0.212121,0,4,2.3333,1.1785,0.0,0.0,2,11,0.916667,0.0,-1.7446580332204884,0.562309,0.004062,True,,0.4816,44,0,0,0,0,0,0.0,0.0,0.0,0.0,0,0,,,
bipartite_12_1,bipartite,12,14,llm_pce,2.0,6,2.0,0.212121,0,4,2.3333,1.1785,0.0,0.0,2,11,0.916667,0.0,-2.3215984247448156,0.582914,0.013703,True,,,33,7,9,8,48,72,0.0972,0.125,0.1111,2.0,2,12,low_order_sufficient,Qwen/Qwen2.5-32B-Instruct,"The graph is bipartite with low density and small size, making k=2 sufficient for efficient encoding while avoiding barren plateaus."
bipartite_12_2,bipartite,12,23,baseline_qaoa,,12,1.0,0.348485,2,6,3.8333,1.3437,0.0,0.0,1,12,1.0,0.369631,-4.816943133375574,0.604716,0.01198,True,,0.5967,35,0,0,0,0,0,0.0,0.0,0.0,0.0,0,0,,,
bipartite_12_2,bipartite,12,23,pce_baseline_k1,1.0,4,3.0,0.348485,2,6,3.8333,1.3437,0.0,0.0,1,12,1.0,0.369631,-1.6124091156162328,0.535052,0.007079,True,,0.9648,69,0,0,0,0,0,0.0,0.0,0.0,0.0,0,0,,,
bipartite_12_2,bipartite,12,23,pce_baseline_k2,2.0,3,4.0,0.348485,2,6,3.8333,1.3437,0.0,0.0,1,12,1.0,0.369631,-1.5885449973633325,0.534534,0.002861,True,,0.7254,66,0,0,0,0,0,0.0,0.0,0.0,0.0,0,0,,,
bipartite_12_2,bipartite,12,23,llm_pce,2.0,6,2.0,0.348485,2,6,3.8333,1.3437,0.0,0.0,1,12,1.0,0.369631,-0.8271990173093685,0.517983,0.003145,True,,,48,10,7,7,48,72,0.1389,0.0972,0.0972,2.0,2,12,low_order_sufficient,Qwen/Qwen2.5-32B-Instruct,The graph is bipartite with moderate density and average degree. Using k=2 allows efficient compression while maintaining diversity in Pauli assignments.
bipartite_12_3,bipartite,12,17,baseline_qaoa,,12,1.0,0.257576,1,4,2.8333,0.986,0.0,0.0,1,12,1.0,0.230724,-4.653314725681013,0.636862,0.004256,True,,0.5973,40,0,0,0,0,0,0.0,0.0,0.0,0.0,0,0,,,
bipartite_12_3,bipartite,12,17,pce_baseline_k1,1.0,4,3.0,0.257576,1,4,2.8333,0.986,0.0,0.0,1,12,1.0,0.230724,-0.16543036159901753,0.504866,0.001173,True,,0.8001,47,0,0,0,0,0,0.0,0.0,0.0,0.0,0,0,,,
bipartite_12_3,bipartite,12,17,pce_baseline_k2,2.0,3,4.0,0.257576,1,4,2.8333,0.986,0.0,0.0,1,12,1.0,0.230724,-2.8874851691808976,0.584926,0.004106,True,,0.7753,73,0,0,0,0,0,0.0,0.0,0.0,0.0,0,0,,,
bipartite_12_3,bipartite,12,17,llm_pce,2.0,6,2.0,0.257576,1,4,2.8333,0.986,0.0,0.0,1,12,1.0,0.230724,0.9472341655334973,0.47214,0.002526,True,,,34,8,8,8,48,72,0.1111,0.1111,0.1111,2.0,2,12,low_order_sufficient,Qwen/Qwen2.5-32B-Instruct,"The graph is bipartite with low density and average degree, making k=2 suitable for efficient encoding while avoiding barren plateaus."
bipartite_12_4,bipartite,12,16,baseline_qaoa,,12,1.0,0.242424,1,5,2.6667,1.3123,0.0,0.0,1,12,1.0,0.369065,-2.4932250565259526,0.577913,0.002795,True,,0.5248,40,0,0,0,0,0,0.0,0.0,0.0,0.0,0,0,,,
bipartite_12_4,bipartite,12,16,pce_baseline_k1,1.0,4,3.0,0.242424,1,5,2.6667,1.3123,0.0,0.0,1,12,1.0,0.369065,-1.328749475911669,0.541523,0.003283,True,,1.0045,62,0,0,0,0,0,0.0,0.0,0.0,0.0,0,0,,,
bipartite_12_4,bipartite,12,16,pce_baseline_k2,2.0,3,4.0,0.242424,1,5,2.6667,1.3123,0.0,0.0,1,12,1.0,0.369065,-4.384238694486992,0.637007,0.011612,True,,0.5054,47,0,0,0,0,0,0.0,0.0,0.0,0.0,0,0,,,
bipartite_12_4,bipartite,12,16,llm_pce,2.0,6,2.0,0.242424,1,5,2.6667,1.3123,0.0,0.0,1,12,1.0,0.369065,-0.5852082118203888,0.518288,0.003013,True,,,40,13,7,7,45,72,0.1806,0.0972,0.0972,2.25,3,12,low_order_sufficient,Qwen/Qwen2.5-32B-Instruct,"The graph is bipartite with low density and average degree, making k=2 suitable for efficient encoding without significant gradient risk."
bipartite_16_0,bipartite,16,39,baseline_qaoa,,16,1.0,0.325,3,7,4.875,1.1659,0.0,0.0,1,16,1.0,0.509938,-6.284853784954186,0.58729,0.018596,True,,20.5596,34,0,0,0,0,0,0.0,0.0,0.0,0.0,0,0,,,
bipartite_16_0,bipartite,16,39,pce_baseline_k1,1.0,6,2.67,0.325,3,7,4.875,1.1659,0.0,0.0,1,16,1.0,0.509938,0.29067984380086487,0.495963,0.006135,True,,5.3912,48,0,0,0,0,0,0.0,0.0,0.0,0.0,0,0,,,
bipartite_16_0,bipartite,16,39,pce_baseline_k2,2.0,3,5.33,0.325,3,7,4.875,1.1659,0.0,0.0,1,16,1.0,0.509938,-3.210393295634317,0.544589,0.043475,False,,2.3518,200,0,0,0,0,0,0.0,0.0,0.0,0.0,0,0,,,
bipartite_16_0,bipartite,16,39,llm_pce,2.0,8,2.0,0.325,3,7,4.875,1.1659,0.0,0.0,1,16,1.0,0.509938,-1.9759848794595138,0.527444,0.013327,True,,,40,12,11,9,96,128,0.0938,0.0859,0.0703,2.0,2,16,low_order_sufficient,Qwen/Qwen2.5-32B-Instruct,The graph is bipartite with moderate density and degree. Using k=2 allows efficient use of qubits while maintaining diversity in Pauli operators.
bipartite_16_1,bipartite,16,40,baseline_qaoa,,16,1.0,0.333333,2,8,5.0,1.6583,0.0,0.0,1,16,1.0,0.506965,-7.237153634203089,0.590464,0.014122,True,,24.7249,38,0,0,0,0,0,0.0,0.0,0.0,0.0,0,0,,,
bipartite_16_1,bipartite,16,40,pce_baseline_k1,1.0,6,2.67,0.333333,2,8,5.0,1.6583,0.0,0.0,1,16,1.0,0.506965,-2.6233961406204664,0.532792,0.012759,True,,8.3699,76,0,0,0,0,0,0.0,0.0,0.0,0.0,0,0,,,
bipartite_16_1,bipartite,16,40,pce_baseline_k2,2.0,3,5.33,0.333333,2,8,5.0,1.6583,0.0,0.0,1,16,1.0,0.506965,-2.8047533119790318,0.535059,0.022638,True,,0.9048,52,0,0,0,0,0,0.0,0.0,0.0,0.0,0,0,,,
bipartite_16_1,bipartite,16,40,llm_pce,2.0,8,2.0,0.333333,2,8,5.0,1.6583,0.0,0.0,1,16,1.0,0.506965,0.7055586693196438,0.491181,0.002786,True,,,38,12,10,10,96,128,0.0938,0.0781,0.0781,2.0,2,16,low_order_sufficient,Qwen/Qwen2.5-32B-Instruct,"The graph is bipartite with moderate density and degree variability, making k=2 suitable for efficient qubit usage while avoiding barren plateaus."
bipartite_16_2,bipartite,16,16,baseline_qaoa,,16,1.0,0.133333,0,3,2.0,1.0,0.0,0.0,2,15,0.9375,0.0,-1.819553242033456,0.556861,0.003033,True,,11.4328,33,0,0,0,0,0,0.0,0.0,0.0,0.0,0,0,,,
bipartite_16_2,bipartite,16,16,pce_baseline_k1,1.0,6,2.67,0.133333,0,3,2.0,1.0,0.0,0.0,2,15,0.9375,0.0,-0.6734634497795113,0.521046,0.000658,True,,5.0885,51,0,0,0,0,0,0.0,0.0,0.0,0.0,0,0,,,
bipartite_16_2,bipartite,16,16,pce_baseline_k2,2.0,3,5.33,0.133333,0,3,2.0,1.0,0.0,0.0,2,15,0.9375,0.0,-1.5374469531255603,0.548045,0.004879,True,,0.5564,39,0,0,0,0,0,0.0,0.0,0.0,0.0,0,0,,,
bipartite_16_2,bipartite,16,16,llm_pce,1.0,6,2.67,0.133333,0,3,2.0,1.0,0.0,0.0,2,15,0.9375,0.0,-0.7763439674031481,0.524261,0.027698,True,,,181,6,6,4,80,96,0.0625,0.0625,0.0417,1.0,1,16,low_order_sufficient,Qwen/Qwen2.5-32B-Instruct,"The graph is bipartite with low density and small size, making k=1 sufficient."
bipartite_16_3,bipartite,16,37,baseline_qaoa,,16,1.0,0.308333,3,7,4.625,1.1659,0.0,0.0,1,16,1.0,0.443437,-6.778238231318983,0.591598,0.013562,True,,19.188,30,0,0,0,0,0,0.0,0.0,0.0,0.0,0,0,,,
bipartite_16_3,bipartite,16,37,pce_baseline_k1,1.0,6,2.67,0.308333,3,7,4.625,1.1659,0.0,0.0,1,16,1.0,0.443437,-2.0381395047445574,0.527542,0.014308,True,,12.3075,115,0,0,0,0,0,0.0,0.0,0.0,0.0,0,0,,,
bipartite_16_3,bipartite,16,37,pce_baseline_k2,2.0,3,5.33,0.308333,3,7,4.625,1.1659,0.0,0.0,1,16,1.0,0.443437,-2.3292425964854253,0.531476,0.022736,True,,1.282,95,0,0,0,0,0,0.0,0.0,0.0,0.0,0,0,,,
bipartite_16_3,bipartite,16,37,llm_pce,2.0,8,2.0,0.308333,3,7,4.625,1.1659,0.0,0.0,1,16,1.0,0.443437,-1.5376555763361164,0.520779,0.028617,True,,,60,12,11,9,96,128,0.0938,0.0859,0.0703,2.0,2,16,low_order_sufficient,Qwen/Qwen2.5-32B-Instruct,"The graph is bipartite with moderate density and degree, making k=2 suitable for efficient encoding without significant gradient risk."
bipartite_16_4,bipartite,16,36,baseline_qaoa,,16,1.0,0.3,3,6,4.5,1.0,0.0,0.0,1,16,1.0,0.44823,-6.284853784954186,0.58729,0.018596,True,,20.4315,34,0,0,0,0,0,0.0,0.0,0.0,0.0,0,0,,,
bipartite_16_4,bipartite,16,36,pce_baseline_k1,1.0,6,2.67,0.3,3,6,4.5,1.0,0.0,0.0,1,16,1.0,0.44823,0.29067984380086487,0.495963,0.006135,True,,5.5181,48,0,0,0,0,0,0.0,0.0,0.0,0.0,0,0,,,
bipartite_16_4,bipartite,16,36,pce_baseline_k2,2.0,3,5.33,0.3,3,6,4.5,1.0,0.0,0.0,1,16,1.0,0.44823,-3.210393295634317,0.544589,0.043475,False,,2.4072,200,0,0,0,0,0,0.0,0.0,0.0,0.0,0,0,,,
bipartite_16_4,bipartite,16,36,llm_pce,2.0,8,2.0,0.3,3,6,4.5,1.0,0.0,0.0,1,16,1.0,0.44823,-3.086460234364978,0.542868,0.046164,True,,,77,12,10,10,96,128,0.0938,0.0781,0.0781,2.0,2,16,low_order_sufficient,Qwen/Qwen2.5-32B-Instruct,"The graph is bipartite with moderate density and low clustering, making it suitable for k=2 encoding."
bipartite_20_0,bipartite,20,38,baseline_qaoa,,20,1.0,0.2,2,7,3.8,1.3638,0.0,0.0,1,20,1.0,0.319703,-12.174472051553872,0.586961,0.061547,True,,294.0546,47,0,0,0,0,0,0.0,0.0,0.0,0.0,0,0,,,
bipartite_20_0,bipartite,20,38,pce_baseline_k1,1.0,7,2.86,0.2,2,7,3.8,1.3638,0.0,0.0,1,20,1.0,0.319703,-2.5346637862742494,0.518105,0.048267,True,,31.2218,113,0,0,0,0,0,0.0,0.0,0.0,0.0,0,0,,,
bipartite_20_0,bipartite,20,38,pce_baseline_k2,2.0,3,6.67,0.2,2,7,3.8,1.3638,0.0,0.0,1,20,1.0,0.319703,-4.303252959835667,0.530738,0.140206,True,,9.4701,104,0,0,0,0,0,0.0,0.0,0.0,0.0,0,0,,,
bipartite_20_0,bipartite,20,38,llm_pce,2.0,10,2.0,0.2,2,7,3.8,1.3638,0.0,0.0,1,20,1.0,0.319703,3.9165482306953256,0.472025,0.003813,True,,,40,14,14,12,160,200,0.07,0.07,0.06,2.0,2,20,low_order_sufficient,Qwen/Qwen2.5-32B-Instruct,The graph is bipartite with moderate density and degree variability. Using k=2 allows efficient compression while maintaining diversity in Pauli operators.
bipartite_20_1,bipartite,20,63,baseline_qaoa,,20,1.0,0.331579,4,10,6.3,1.3077,0.0,0.0,1,20,1.0,0.561488,-11.524643762600554,0.591465,0.034431,True,,292.3212,40,0,0,0,0,0,0.0,0.0,0.0,0.0,0,0,,,
bipartite_20_1,bipartite,20,63,pce_baseline_k1,1.0,7,2.86,0.331579,4,10,6.3,1.3077,0.0,0.0,1,20,1.0,0.561488,-1.910384265883591,0.515162,0.028544,True,,29.6778,109,0,0,0,0,0,0.0,0.0,0.0,0.0,0,0,,,
bipartite_20_1,bipartite,20,63,pce_baseline_k2,2.0,3,6.67,0.331579,4,10,6.3,1.3077,0.0,0.0,1,20,1.0,0.561488,-5.936931756701815,0.547119,0.100589,True,,9.0281,121,0,0,0,0,0,0.0,0.0,0.0,0.0,0,0,,,
bipartite_20_1,bipartite,20,63,llm_pce,2.0,10,2.0,0.331579,4,10,6.3,1.3077,0.0,0.0,1,20,1.0,0.561488,2.5624579842327733,0.479663,0.00516,True,,,40,14,14,12,160,200,0.07,0.07,0.06,2.0,2,20,low_order_sufficient,Qwen/Qwen2.5-32B-Instruct,The graph is bipartite with moderate density and degree. Using k=2 allows efficient compression while maintaining diversity in Pauli operators.
bipartite_20_2,bipartite,20,38,baseline_qaoa,,20,1.0,0.2,1,6,3.8,1.8601,0.0,0.0,1,20,1.0,0.366221,-3.7496035767753098,0.549337,0.009145,True,,185.2486,37,0,0,0,0,0,0.0,0.0,0.0,0.0,0,0,,,
bipartite_20_2,bipartite,20,38,pce_baseline_k1,1.0,7,2.86,0.2,1,6,3.8,1.8601,0.0,0.0,1,20,1.0,0.366221,-2.0173047510571043,0.526543,0.002538,True,,14.3161,46,0,0,0,0,0,0.0,0.0,0.0,0.0,0,0,,,
bipartite_20_2,bipartite,20,38,pce_baseline_k2,2.0,3,6.67,0.2,1,6,3.8,1.8601,0.0,0.0,1,20,1.0,0.366221,-2.7626332510406755,0.53635,0.045097,True,,4.9997,50,0,0,0,0,0,0.0,0.0,0.0,0.0,0,0,,,
bipartite_20_2,bipartite,20,38,llm_pce,2.0,10,2.0,0.2,1,6,3.8,1.8601,0.0,0.0,1,20,1.0,0.366221,-0.00662523544037566,0.500087,0.003011,True,,,39,15,14,11,160,200,0.075,0.07,0.055,2.0,2,20,low_order_sufficient,Qwen/Qwen2.5-32B-Instruct,"The graph is bipartite with moderate density and degree variability, making k=2 a suitable choice for balancing qubit efficiency and training complexity."
bipartite_20_3,bipartite,20,63,baseline_qaoa,,20,1.0,0.331579,4,9,6.3,1.4866,0.0,0.0,1,20,1.0,0.581425,-10.553343928588864,0.583757,0.050125,True,,280.9996,38,0,0,0,0,0,0.0,0.0,0.0,0.0,0,0,,,
bipartite_20_3,bipartite,20,63,pce_baseline_k1,1.0,7,2.86,0.331579,4,9,6.3,1.4866,0.0,0.0,1,20,1.0,0.581425,-2.627359983913705,0.520852,0.029995,True,,25.2072,85,0,0,0,0,0,0.0,0.0,0.0,0.0,0,0,,,
bipartite_20_3,bipartite,20,63,pce_baseline_k2,2.0,3,6.67,0.331579,4,9,6.3,1.4866,0.0,0.0,1,20,1.0,0.581425,-5.152007160079256,0.540889,0.057623,True,,8.2244,56,0,0,0,0,0,0.0,0.0,0.0,0.0,0,0,,,
bipartite_20_3,bipartite,20,63,llm_pce,2.0,10,2.0,0.331579,4,9,6.3,1.4866,0.0,0.0,1,20,1.0,0.581425,2.768047917326098,0.478031,0.005331,True,,,42,14,14,12,160,200,0.07,0.07,0.06,2.0,2,20,low_order_sufficient,Qwen/Qwen2.5-32B-Instruct,"The graph is bipartite with moderate density and average degree, making k=2 a suitable choice for efficient compression while avoiding potential barren plateaus."
bipartite_20_4,bipartite,20,70,baseline_qaoa,,20,1.0,0.368421,4,9,7.0,1.3416,0.0,0.0,1,20,1.0,0.615274,-12.17447205155515,0.586961,0.061547,True,,326.9698,47,0,0,0,0,0,0.0,0.0,0.0,0.0,0,0,,,
bipartite_20_4,bipartite,20,70,pce_baseline_k1,1.0,7,2.86,0.368421,4,9,7.0,1.3416,0.0,0.0,1,20,1.0,0.615274,-2.5346637862742494,0.518105,0.048267,True,,31.3391,113,0,0,0,0,0,0.0,0.0,0.0,0.0,0,0,,,
bipartite_20_4,bipartite,20,70,pce_baseline_k2,2.0,3,6.67,0.368421,4,9,7.0,1.3416,0.0,0.0,1,20,1.0,0.615274,-4.303252959835667,0.530738,0.140206,True,,9.3066,104,0,0,0,0,0,0.0,0.0,0.0,0.0,0,0,,,
bipartite_20_4,bipartite,20,70,llm_pce,2.0,10,2.0,0.368421,4,9,7.0,1.3416,0.0,0.0,1,20,1.0,0.615274,0.3100615363332155,0.497785,0.009969,True,,,33,14,14,12,160,200,0.07,0.07,0.06,2.0,2,20,low_order_sufficient,Qwen/Qwen2.5-32B-Instruct,The bipartite graph with moderate density and degree suggests k=2 is sufficient to capture correlations without excessive training complexity.
bipartite_8_0,bipartite,8,11,baseline_qaoa,,8,1.0,0.392857,2,4,2.75,0.8292,0.0,0.0,1,8,1.0,0.459706,-3.206616817337647,0.645755,0.00442,True,,0.2817,40,0,0,0,0,0,0.0,0.0,0.0,0.0,0,0,,,
bipartite_8_0,bipartite,8,11,pce_baseline_k1,1.0,3,2.67,0.392857,2,4,2.75,0.8292,0.0,0.0,1,8,1.0,0.459706,-1.8180978874682294,0.575754,0.002758,True,,0.5778,52,0,0,0,0,0,0.0,0.0,0.0,0.0,0,0,,,
bipartite_8_0,bipartite,8,11,pce_baseline_k2,2.0,2,4.0,0.392857,2,4,2.75,0.8292,0.0,0.0,1,8,1.0,0.459706,-2.0780505874674517,0.586585,0.015217,True,,0.4043,38,0,0,0,0,0,0.0,0.0,0.0,0.0,0,0,,,
bipartite_8_0,bipartite,8,11,llm_pce,2.0,4,2.0,0.392857,2,4,2.75,0.8292,0.0,0.0,1,8,1.0,0.459706,-2.7714653776275937,0.625976,0.016076,True,,,41,6,6,4,16,32,0.1875,0.1875,0.125,2.0,2,8,low_order_sufficient,Qwen/Qwen2.5-32B-Instruct,"The graph is bipartite with moderate density and low average degree, making it suitable for k=2 encoding without significant gradient risk."
bipartite_8_1,bipartite,8,6,baseline_qaoa,,8,1.0,0.214286,0,2,1.5,0.7071,0.0,0.0,2,7,0.875,0.0,-2.1120521492768836,0.676004,0.004475,True,,0.15,34,0,0,0,0,0,0.0,0.0,0.0,0.0,0,0,,,
bipartite_8_1,bipartite,8,6,pce_baseline_k1,1.0,3,2.67,0.214286,0,2,1.5,0.7071,0.0,0.0,2,7,0.875,0.0,-0.999999986485337,0.583333,0.000517,True,,0.6892,73,0,0,0,0,0,0.0,0.0,0.0,0.0,0,0,,,
bipartite_8_1,bipartite,8,6,pce_baseline_k2,2.0,2,4.0,0.214286,0,2,1.5,0.7071,0.0,0.0,2,7,0.875,0.0,-0.9999999596022011,0.583333,0.001132,True,,0.397,45,0,0,0,0,0,0.0,0.0,0.0,0.0,0,0,,,
bipartite_8_1,bipartite,8,6,llm_pce,1.0,4,2.0,0.214286,0,2,1.5,0.7071,0.0,0.0,2,7,0.875,0.0,-0.8740546255025279,0.572838,0.000482,True,,,37,4,4,0,24,32,0.125,0.125,0.0,1.0,1,8,low_order_sufficient,Qwen/Qwen2.5-32B-Instruct,"The graph is bipartite with low density and small size, making k=1 sufficient."
bipartite_8_2,bipartite,8,10,baseline_qaoa,,8,1.0,0.357143,1,4,2.5,1.0,0.0,0.0,1,8,1.0,0.42265,-2.1657801410592055,0.608289,0.001531,True,,0.2019,37,0,0,0,0,0,0.0,0.0,0.0,0.0,0,0,,,
bipartite_8_2,bipartite,8,10,pce_baseline_k1,1.0,3,2.67,0.357143,1,4,2.5,1.0,0.0,0.0,1,8,1.0,0.42265,-1.6795543564747617,0.583978,0.001295,True,,0.3594,32,0,0,0,0,0,0.0,0.0,0.0,0.0,0,0,,,
bipartite_8_2,bipartite,8,10,pce_baseline_k2,2.0,2,4.0,0.357143,1,4,2.5,1.0,0.0,0.0,1,8,1.0,0.42265,-2.2360677975394516,0.611803,0.00364,True,,0.3746,39,0,0,0,0,0,0.0,0.0,0.0,0.0,0,0,,,
bipartite_8_2,bipartite,8,10,llm_pce,2.0,4,2.0,0.357143,1,4,2.5,1.0,0.0,0.0,1,8,1.0,0.42265,-0.42016413299471844,0.521008,0.000703,True,,,47,6,6,4,16,32,0.1875,0.1875,0.125,2.0,2,8,low_order_sufficient,Qwen/Qwen2.5-32B-Instruct,"The graph is bipartite with low density and average degree, making k=2 suitable for efficient encoding without significant gradient risk."
bipartite_8_3,bipartite,8,10,baseline_qaoa,,8,1.0,0.357143,2,4,2.5,0.7071,0.0,0.0,1,8,1.0,0.354503,-3.505825249763151,0.675291,0.002984,True,,0.2269,40,0,0,0,0,0,0.0,0.0,0.0,0.0,0,0,,,
bipartite_8_3,bipartite,8,10,pce_baseline_k1,1.0,3,2.67,0.357143,2,4,2.5,0.7071,0.0,0.0,1,8,1.0,0.354503,-1.3842058765584038,0.56921,0.580817,False,,2.1327,200,0,0,0,0,0,0.0,0.0,0.0,0.0,0,0,,,
bipartite_8_3,bipartite,8,10,pce_baseline_k2,2.0,2,4.0,0.357143,2,4,2.5,0.7071,0.0,0.0,1,8,1.0,0.354503,-2.82409040895055,0.641205,0.005037,True,,0.4276,41,0,0,0,0,0,0.0,0.0,0.0,0.0,0,0,,,
bipartite_8_3,bipartite,8,10,llm_pce,2.0,4,2.0,0.357143,2,4,2.5,0.7071,0.0,0.0,1,8,1.0,0.354503,-0.999999955749648,0.55,0.000963,True,,,62,6,6,4,16,32,0.1875,0.1875,0.125,2.0,2,8,low_order_sufficient,Qwen/Qwen2.5-32B-Instruct,"The graph is bipartite with low density and average degree, making k=2 sufficient for efficient encoding while avoiding barren plateaus."
bipartite_8_4,bipartite,8,12,baseline_qaoa,,8,1.0,0.428571,2,4,3.0,0.866,0.0,0.0,1,8,1.0,0.591752,-3.7556516362032815,0.656485,0.0053,True,,0.259,42,0,0,0,0,0,0.0,0.0,0.0,0.0,0,0,,,
bipartite_8_4,bipartite,8,12,pce_baseline_k1,1.0,3,2.67,0.428571,2,4,3.0,0.866,0.0,0.0,1,8,1.0,0.591752,-1.8180978874682294,0.575754,0.002758,True,,0.5666,52,0,0,0,0,0,0.0,0.0,0.0,0.0,0,0,,,
bipartite_8_4,bipartite,8,12,pce_baseline_k2,2.0,2,4.0,0.428571,2,4,3.0,0.866,0.0,0.0,1,8,1.0,0.591752,-2.0780505874674517,0.586585,0.015217,True,,0.3637,38,0,0,0,0,0,0.0,0.0,0.0,0.0,0,0,,,
bipartite_8_4,bipartite,8,12,llm_pce,2.0,4,2.0,0.428571,2,4,3.0,0.866,0.0,0.0,1,8,1.0,0.591752,-2.5261310976633062,0.605255,0.002205,True,,,41,6,6,4,16,32,0.1875,0.1875,0.125,2.0,2,8,low_order_sufficient,Qwen/Qwen2.5-32B-Instruct,The bipartite graph with moderate density and low average degree suggests that k=2 is sufficient to capture the structure without excessive complexity.
community_12_0,community,12,28,baseline_qaoa,,12,1.0,0.424242,4,6,4.6667,0.8498,0.525,0.504673,1,12,1.0,0.264592,-3.4812050796319087,0.749553,0.005265,True,,0.6806,37,0,0,0,0,0,0.0,0.0,0.0,0.0,0,0,,,
community_12_0,community,12,28,pce_baseline_k1,1.0,4,3.0,0.424242,4,6,4.6667,0.8498,0.525,0.504673,1,12,1.0,0.264592,-2.1926274503666074,0.768227,0.02484,True,,1.0133,73,0,0,0,0,0,0.0,0.0,0.0,0.0,0,0,,,
community_12_0,community,12,28,pce_baseline_k2,2.0,3,4.0,0.424242,4,6,4.6667,0.8498,0.525,0.504673,1,12,1.0,0.264592,-3.155372859535963,0.793562,0.010722,True,,0.4965,39,0,0,0,0,0,0.0,0.0,0.0,0.0,0,0,,,
community_12_0,community,12,28,llm_pce,2.0,6,2.0,0.424242,4,6,4.6667,0.8498,0.525,0.504673,1,12,1.0,0.264592,-2.7060880103240312,0.731097,0.003411,True,,,38,9,7,8,48,72,0.125,0.0972,0.1111,2.0,2,12,low_order_sufficient,Qwen/Qwen2.5-32B-Instruct,"The graph has moderate density and a community structure, suggesting k=2 is appropriate to balance qubit efficiency and training complexity."
community_12_1,community,12,30,baseline_qaoa,,12,1.0,0.454545,3,7,5.0,0.9129,0.756746,0.696,1,12,1.0,0.157065,-3.930547280672861,0.80787,0.022961,True,,0.7165,35,0,0,0,0,0,0.0,0.0,0.0,0.0,0,0,,,
community_12_1,community,12,30,pce_baseline_k1,1.0,4,3.0,0.454545,3,7,5.0,0.9129,0.756746,0.696,1,12,1.0,0.157065,-1.3460903414195564,0.746335,0.018041,True,,1.1505,83,0,0,0,0,0,0.0,0.0,0.0,0.0,0,0,,,
community_12_1,community,12,30,pce_baseline_k2,2.0,3,4.0,0.454545,3,7,5.0,0.9129,0.756746,0.696,1,12,1.0,0.157065,-0.7465042530220471,0.73206,0.002363,True,,0.5265,40,0,0,0,0,0,0.0,0.0,0.0,0.0,0,0,,,
community_12_1,community,12,30,llm_pce,2.0,6,2.0,0.454545,3,7,5.0,0.9129,0.756746,0.696,1,12,1.0,0.157065,-3.818998919635862,0.805214,0.003893,True,,,31,8,8,8,48,72,0.1111,0.1111,0.1111,2.0,2,12,low_order_sufficient,Qwen/Qwen2.5-32B-Instruct,"The graph has moderate density and a community structure, suggesting k=2 is sufficient for capturing correlations without excessive training difficulty."
community_12_2,community,12,28,baseline_qaoa,,12,1.0,0.424242,3,6,4.6667,0.8498,0.683333,0.64486,1,12,1.0,0.151655,-4.369241826882052,0.809231,0.009821,True,,0.6817,34,0,0,0,0,0,0.0,0.0,0.0,0.0,0,0,,,
community_12_2,community,12,28,pce_baseline_k1,1.0,4,3.0,0.424242,3,6,4.6667,0.8498,0.683333,0.64486,1,12,1.0,0.151655,-1.7196248666755627,0.742991,0.00926,True,,2.5469,180,0,0,0,0,0,0.0,0.0,0.0,0.0,0,0,,,
community_12_2,community,12,28,pce_baseline_k2,2.0,3,4.0,0.424242,3,6,4.6667,0.8498,0.683333,0.64486,1,12,1.0,0.151655,-3.4426800797763737,0.786067,0.011692,True,,0.5217,41,0,0,0,0,0,0.0,0.0,0.0,0.0,0,0,,,
community_12_2,community,12,28,llm_pce,2.0,6,2.0,0.424242,3,6,4.6667,0.8498,0.683333,0.64486,1,12,1.0,0.151655,-1.205089494494931,0.730127,0.001239,True,,,42,9,7,8,48,72,0.125,0.0972,0.1111,2.0,2,12,low_order_sufficient,Qwen/Qwen2.5-32B-Instruct,"The graph has a community structure and moderate density, making k=2 suitable for capturing correlations without excessive training difficulty."
community_12_3,community,12,26,baseline_qaoa,,12,1.0,0.393939,2,7,4.3333,1.3744,0.693254,0.581633,1,12,1.0,0.226644,-2.9076069825107913,0.802989,0.012364,True,,0.6331,39,0,0,0,0,0,0.0,0.0,0.0,0.0,0,0,,,
community_12_3,community,12,26,pce_baseline_k1,1.0,4,3.0,0.393939,2,7,4.3333,1.3744,0.693254,0.581633,1,12,1.0,0.226644,-3.141208063895942,0.809478,0.028302,True,,2.4519,171,0,0,0,0,0,0.0,0.0,0.0,0.0,0,0,,,
community_12_3,community,12,26,pce_baseline_k2,2.0,3,4.0,0.393939,2,7,4.3333,1.3744,0.693254,0.581633,1,12,1.0,0.226644,-1.8563560267426964,0.773788,0.393216,False,,1.9827,200,0,0,0,0,0,0.0,0.0,0.0,0.0,0,0,,,
community_12_3,community,12,26,llm_pce,2.0,6,2.0,0.393939,2,7,4.3333,1.3744,0.693254,0.581633,1,12,1.0,0.226644,-0.5413853760776339,0.737261,0.001097,True,,,43,8,8,8,48,72,0.1111,0.1111,0.1111,2.0,2,12,low_order_sufficient,Qwen/Qwen2.5-32B-Instruct,"The graph has moderate density and a community structure, suggesting k=2 is sufficient while avoiding barren plateaus."
community_12_4,community,12,27,baseline_qaoa,,12,1.0,0.409091,3,6,4.5,1.1902,0.722222,0.61165,1,12,1.0,0.181709,-2.9689163633868976,0.788656,0.008252,True,,0.5075,31,0,0,0,0,0,0.0,0.0,0.0,0.0,0,0,,,
community_12_4,community,12,27,pce_baseline_k1,1.0,4,3.0,0.409091,3,6,4.5,1.1902,0.722222,0.61165,1,12,1.0,0.181709,-2.1926274503666074,0.768227,0.02484,True,,1.0167,73,0,0,0,0,0,0.0,0.0,0.0,0.0,0,0,,,
community_12_4,community,12,27,pce_baseline_k2,2.0,3,4.0,0.409091,3,6,4.5,1.1902,0.722222,0.61165,1,12,1.0,0.181709,-3.155372859535963,0.793562,0.010722,True,,0.4537,39,0,0,0,0,0,0.0,0.0,0.0,0.0,0,0,,,
community_12_4,community,12,27,llm_pce,2.0,6,2.0,0.409091,3,6,4.5,1.1902,0.722222,0.61165,1,12,1.0,0.181709,-1.3745936256203821,0.7467,0.004161,True,,,42,9,7,8,48,72,0.125,0.0972,0.1111,2.0,2,12,low_order_sufficient,Qwen/Qwen2.5-32B-Instruct,"The graph has moderate density and a community structure, suggesting k=2 is appropriate to balance qubit efficiency and training complexity."
community_16_0,community,16,34,baseline_qaoa,,16,1.0,0.283333,1,6,4.25,1.3463,0.614583,0.6,1,16,1.0,0.132827,-3.0550346477122186,0.741101,0.005048,True,,19.9371,40,0,0,0,0,0,0.0,0.0,0.0,0.0,0,0,,,
community_16_0,community,16,34,pce_baseline_k1,1.0,6,2.67,0.283333,1,6,4.25,1.3463,0.614583,0.6,1,16,1.0,0.132827,0.2508192408163308,0.674984,0.015553,True,,5.0961,43,0,0,0,0,0,0.0,0.0,0.0,0.0,0,0,,,
community_16_0,community,16,34,pce_baseline_k2,2.0,3,5.33,0.283333,1,6,4.25,1.3463,0.614583,0.6,1,16,1.0,0.132827,-3.1221740254521912,0.742443,0.017546,True,,0.8163,49,0,0,0,0,0,0.0,0.0,0.0,0.0,0,0,,,
community_16_0,community,16,34,llm_pce,2.0,8,2.0,0.283333,1,6,4.25,1.3463,0.614583,0.6,1,16,1.0,0.132827,-2.6904975978332533,0.73381,0.003423,True,,,40,12,10,10,96,128,0.0938,0.0781,0.0781,2.0,2,16,low_order_sufficient,Qwen/Qwen2.5-32B-Instruct,"The graph has a community structure and moderate density, making k=2 suitable for efficient encoding while avoiding barren plateaus."
community_16_1,community,16,31,baseline_qaoa,,16,1.0,0.258333,2,6,3.875,0.9922,0.74375,0.71134,1,16,1.0,0.039634,-3.8585929672061856,0.792241,0.014395,True,,20.8433,48,0,0,0,0,0,0.0,0.0,0.0,0.0,0,0,,,
community_16_1,community,16,31,pce_baseline_k1,1.0,6,2.67,0.258333,2,6,3.875,0.9922,0.74375,0.71134,1,16,1.0,0.039634,2.0832876312267103,0.657198,0.00463,True,,4.6954,40,0,0,0,0,0,0.0,0.0,0.0,0.0,0,0,,,
community_16_1,community,16,31,pce_baseline_k2,2.0,3,5.33,0.258333,2,6,3.875,0.9922,0.74375,0.71134,1,16,1.0,0.039634,-1.113523659915637,0.729853,0.003009,True,,0.7188,44,0,0,0,0,0,0.0,0.0,0.0,0.0,0,0,,,
community_16_1,community,16,31,llm_pce,2.0,8,2.0,0.258333,2,6,3.875,0.9922,0.74375,0.71134,1,16,1.0,0.039634,-3.2262374789638866,0.777869,0.001142,True,,,39,11,10,10,97,128,0.0859,0.0781,0.0781,1.9375,2,16,low_order_sufficient,Qwen/Qwen2.5-32B-Instruct,"The graph has a community structure and moderate density, making k=2 suitable for balancing qubit efficiency and training complexity."
community_16_2,community,16,33,baseline_qaoa,,16,1.0,0.275,2,6,4.125,1.0533,0.489583,0.535714,1,16,1.0,0.107158,-4.257431139953403,0.745149,0.005134,True,,15.5282,35,0,0,0,0,0,0.0,0.0,0.0,0.0,0,0,,,
community_16_2,community,16,33,pce_baseline_k1,1.0,6,2.67,0.275,2,6,4.125,1.0533,0.489583,0.535714,1,16,1.0,0.107158,-0.27993405245548175,0.665599,0.013744,True,,5.6702,49,0,0,0,0,0,0.0,0.0,0.0,0.0,0,0,,,
community_16_2,community,16,33,pce_baseline_k2,2.0,3,5.33,0.275,2,6,4.125,1.0533,0.489583,0.535714,1,16,1.0,0.107158,-2.798993407623213,0.71598,0.019248,True,,0.7088,42,0,0,0,0,0,0.0,0.0,0.0,0.0,0,0,,,
community_16_2,community,16,33,llm_pce,2.0,8,2.0,0.275,2,6,4.125,1.0533,0.489583,0.535714,1,16,1.0,0.107158,-0.5856961431226458,0.671714,0.001175,True,,,35,11,10,10,97,128,0.0859,0.0781,0.0781,1.9375,2,16,low_order_sufficient,Qwen/Qwen2.5-32B-Instruct,"The graph has moderate density and a community structure, suggesting k=2 is sufficient while avoiding potential barren plateaus."
community_16_3,community,16,35,baseline_qaoa,,16,1.0,0.291667,2,6,4.375,1.111,0.570833,0.515625,1,16,1.0,0.148034,-3.2802348581802274,0.765605,0.006371,True,,19.022,38,0,0,0,0,0,0.0,0.0,0.0,0.0,0,0,,,
community_16_3,community,16,35,pce_baseline_k1,1.0,6,2.67,0.291667,2,6,4.375,1.111,0.570833,0.515625,1,16,1.0,0.148034,-0.5677246991672833,0.711354,0.012082,True,,6.8509,63,0,0,0,0,0,0.0,0.0,0.0,0.0,0,0,,,
community_16_3,community,16,35,pce_baseline_k2,2.0,3,5.33,0.291667,2,6,4.375,1.111,0.570833,0.515625,1,16,1.0,0.148034,-2.6150251882910918,0.752301,0.028218,True,,1.0292,54,0,0,0,0,0,0.0,0.0,0.0,0.0,0,0,,,
community_16_3,community,16,35,llm_pce,2.0,8,2.0,0.291667,2,6,4.375,1.111,0.570833,0.515625,1,16,1.0,0.148034,-0.371465817508484,0.707429,0.001573,True,,,30,11,10,10,97,128,0.0859,0.0781,0.0781,1.9375,2,16,low_order_sufficient,Qwen/Qwen2.5-32B-Instruct,"The graph has moderate density and a community structure, suggesting k=2 is sufficient to capture the correlations without excessive training difficulty."
community_16_4,community,16,34,baseline_qaoa,,16,1.0,0.283333,1,6,4.25,1.3463,0.614583,0.6,1,16,1.0,0.132827,-3.0550346477122186,0.741101,0.005048,True,,18.7121,40,0,0,0,0,0,0.0,0.0,0.0,0.0,0,0,,,
community_16_4,community,16,34,pce_baseline_k1,1.0,6,2.67,0.283333,1,6,4.25,1.3463,0.614583,0.6,1,16,1.0,0.132827,0.2508192408163308,0.674984,0.015553,True,,4.9853,43,0,0,0,0,0,0.0,0.0,0.0,0.0,0,0,,,
community_16_4,community,16,34,pce_baseline_k2,2.0,3,5.33,0.283333,1,6,4.25,1.3463,0.614583,0.6,1,16,1.0,0.132827,-3.1221740254521912,0.742443,0.017546,True,,0.9201,49,0,0,0,0,0,0.0,0.0,0.0,0.0,0,0,,,
community_16_4,community,16,34,llm_pce,2.0,8,2.0,0.283333,1,6,4.25,1.3463,0.614583,0.6,1,16,1.0,0.132827,-2.6904975978332533,0.73381,0.003423,True,,,40,12,10,10,96,128,0.0938,0.0781,0.0781,2.0,2,16,low_order_sufficient,Qwen/Qwen2.5-32B-Instruct,"The graph has a community structure and moderate density, making k=2 suitable for efficient encoding while avoiding barren plateaus."
community_20_0,community,20,31,baseline_qaoa,,20,1.0,0.163158,1,5,3.1,0.995,0.416667,0.48,2,15,0.75,0.0,-5.245080081731955,0.724902,0.01284,True,,138.4718,37,0,0,0,0,0,0.0,0.0,0.0,0.0,0,0,,,
community_20_0,community,20,31,pce_baseline_k1,1.0,7,2.86,0.163158,1,5,3.1,0.995,0.416667,0.48,2,15,0.75,0.0,0.5059913876113835,0.60988,0.007017,True,,11.2845,36,0,0,0,0,0,0.0,0.0,0.0,0.0,0,0,,,
community_20_0,community,20,31,pce_baseline_k2,2.0,3,6.67,0.163158,1,5,3.1,0.995,0.416667,0.48,2,15,0.75,0.0,-2.1130318406079263,0.662261,0.021618,True,,4.0965,44,0,0,0,0,0,0.0,0.0,0.0,0.0,0,0,,,
community_20_0,community,20,31,llm_pce,2.0,10,2.0,0.163158,1,5,3.1,0.995,0.416667,0.48,2,15,0.75,0.0,-0.43549296907914936,0.62871,0.001142,True,,,37,14,14,12,160,200,0.07,0.07,0.06,2.0,2,20,low_order_sufficient,Qwen/Qwen2.5-32B-Instruct,"The graph has a community structure and moderate density, making k=2 suitable for efficient encoding while avoiding barren plateaus."
community_20_1,community,20,41,baseline_qaoa,,20,1.0,0.215789,2,6,4.1,1.044,0.58,0.478261,1,20,1.0,0.081317,-4.796908122380964,0.763282,0.012139,True,,180.0878,40,0,0,0,0,0,0.0,0.0,0.0,0.0,0,0,,,
community_20_1,community,20,41,pce_baseline_k1,1.0,7,2.86,0.215789,2,6,4.1,1.044,0.58,0.478261,1,20,1.0,0.081317,-1.851729090075052,0.714195,0.002597,True,,12.5573,35,0,0,0,0,0,0.0,0.0,0.0,0.0,0,0,,,
community_20_1,community,20,41,pce_baseline_k2,2.0,3,6.67,0.215789,2,6,4.1,1.044,0.58,0.478261,1,20,1.0,0.081317,-1.1616809308535903,0.702695,0.003912,True,,5.4088,38,0,0,0,0,0,0.0,0.0,0.0,0.0,0,0,,,
community_20_1,community,20,41,llm_pce,2.0,10,2.0,0.215789,2,6,4.1,1.044,0.58,0.478261,1,20,1.0,0.081317,13.66185347485141,0.455636,0.003468,True,,,43,26,6,6,162,200,0.13,0.03,0.03,1.9,2,20,low_order_sufficient,Qwen/Qwen2.5-32B-Instruct,"The graph has a community structure and moderate density, making k=2 suitable for capturing correlations while avoiding excessive training complexity."
community_20_2,community,20,38,baseline_qaoa,,20,1.0,0.2,2,6,3.8,1.4353,0.39,0.330709,1,20,1.0,0.137166,-3.2819196355845626,0.665837,0.007878,True,,163.361,37,0,0,0,0,0,0.0,0.0,0.0,0.0,0,0,,,
community_20_2,community,20,38,pce_baseline_k1,1.0,7,2.86,0.2,2,6,3.8,1.4353,0.39,0.330709,1,20,1.0,0.137166,-0.9295582481550466,0.627896,0.005713,True,,19.2819,74,0,0,0,0,0,0.0,0.0,0.0,0.0,0,0,,,
community_20_2,community,20,38,pce_baseline_k2,2.0,3,6.67,0.2,2,6,3.8,1.4353,0.39,0.330709,1,20,1.0,0.137166,-1.3543586501768126,0.634748,0.001922,True,,4.9359,33,0,0,0,0,0,0.0,0.0,0.0,0.0,0,0,,,
community_20_2,community,20,38,llm_pce,2.0,10,2.0,0.2,2,6,3.8,1.4353,0.39,0.330709,1,20,1.0,0.137166,-1.079364239838982,0.630312,0.00167,True,,,38,14,14,12,160,200,0.07,0.07,0.06,2.0,2,20,low_order_sufficient,Qwen/Qwen2.5-32B-Instruct,"The graph has a community structure and moderate density, making k=2 suitable for efficient encoding while avoiding barren plateaus."
community_20_3,community,20,49,baseline_qaoa,,20,1.0,0.257895,3,6,4.9,0.8888,0.41,0.361809,1,20,1.0,0.247389,-5.228932703093102,0.732823,0.019076,True,,204.8893,39,0,0,0,0,0,0.0,0.0,0.0,0.0,0,0,,,
community_20_3,community,20,49,pce_baseline_k1,1.0,7,2.86,0.257895,3,6,4.9,0.8888,0.41,0.361809,1,20,1.0,0.247389,-1.1512369061755596,0.677719,0.006095,True,,14.542,42,0,0,0,0,0,0.0,0.0,0.0,0.0,0,0,,,
community_20_3,community,20,49,pce_baseline_k2,2.0,3,6.67,0.257895,3,6,4.9,0.8888,0.41,0.361809,1,20,1.0,0.247389,-0.9962559843881206,0.675625,0.004201,True,,6.4725,49,0,0,0,0,0,0.0,0.0,0.0,0.0,0,0,,,
community_20_3,community,20,49,llm_pce,2.0,10,2.0,0.257895,3,6,4.9,0.8888,0.41,0.361809,1,20,1.0,0.247389,-2.071499433688836,0.690155,8.3e-05,True,,,31,14,14,12,160,200,0.07,0.07,0.06,2.0,2,20,low_order_sufficient,Qwen/Qwen2.5-32B-Instruct,"The graph has moderate density and a community structure, suggesting k=2 is sufficient while avoiding higher-order complexity."
community_20_4,community,20,31,baseline_qaoa,,20,1.0,0.163158,1,5,3.1,0.995,0.416667,0.48,2,15,0.75,0.0,-5.245079968540378,0.724902,0.016041,True,,137.9659,37,0,0,0,0,0,0.0,0.0,0.0,0.0,0,0,,,
community_20_4,community,20,31,pce_baseline_k1,1.0,7,2.86,0.163158,1,5,3.1,0.995,0.416667,0.48,2,15,0.75,0.0,0.5059913876113835,0.60988,0.007017,True,,11.2163,36,0,0,0,0,0,0.0,0.0,0.0,0.0,0,0,,,
community_20_4,community,20,31,pce_baseline_k2,2.0,3,6.67,0.163158,1,5,3.1,0.995,0.416667,0.48,2,15,0.75,0.0,-2.1130318406079263,0.662261,0.021618,True,,4.0885,44,0,0,0,0,0,0.0,0.0,0.0,0.0,0,0,,,
community_20_4,community,20,31,llm_pce,2.0,10,2.0,0.163158,1,5,3.1,0.995,0.416667,0.48,2,15,0.75,0.0,-0.43549296907914936,0.62871,0.001142,True,,,37,14,14,12,160,200,0.07,0.07,0.06,2.0,2,20,low_order_sufficient,Qwen/Qwen2.5-32B-Instruct,"The graph has a community structure and moderate density, making k=2 suitable for efficient encoding while avoiding barren plateaus."
community_8_0,community,8,10,baseline_qaoa,,8,1.0,0.357143,2,3,2.5,0.5,0.833333,0.75,2,4,0.5,0.0,-2.0713525112177744,0.75446,0.004918,True,,0.2999,42,0,0,0,0,0,0.0,0.0,0.0,0.0,0,0,,,
community_8_0,community,8,10,pce_baseline_k1,1.0,3,2.67,0.357143,2,3,2.5,0.5,0.833333,0.75,2,4,0.5,0.0,-2.0420336159170556,0.752102,0.009195,True,,0.6364,58,0,0,0,0,0,0.0,0.0,0.0,0.0,0,0,,,
community_8_0,community,8,10,pce_baseline_k2,2.0,2,4.0,0.357143,2,3,2.5,0.5,0.833333,0.75,2,4,0.5,0.0,-1.093236140249111,0.704662,0.006304,True,,0.3437,35,0,0,0,0,0,0.0,0.0,0.0,0.0,0,0,,,
community_8_0,community,8,10,llm_pce,2.0,4,2.0,0.357143,2,3,2.5,0.5,0.833333,0.75,2,4,0.5,0.0,-1.4282848132872856,0.714268,0.002891,True,,,35,10,4,2,16,32,0.3125,0.125,0.0625,2.0,2,8,low_order_sufficient,Qwen/Qwen2.5-32B-Instruct,"The graph is relatively sparse with a community structure, making k=2 a suitable choice for balancing qubit efficiency and avoiding barren plateaus."
community_8_1,community,8,11,baseline_qaoa,,8,1.0,0.392857,2,4,2.75,0.6614,0.708333,0.571429,1,8,1.0,0.122654,-2.1794662409464256,0.732193,0.006355,True,,0.281,43,0,0,0,0,0,0.0,0.0,0.0,0.0,0,0,,,
community_8_1,community,8,11,pce_baseline_k1,1.0,3,2.67,0.392857,2,4,2.75,0.6614,0.708333,0.571429,1,8,1.0,0.122654,-1.9275849638576905,0.718199,0.003988,True,,0.7668,68,0,0,0,0,0,0.0,0.0,0.0,0.0,0,0,,,
community_8_1,community,8,11,pce_baseline_k2,2.0,2,4.0,0.392857,2,4,2.75,0.6614,0.708333,0.571429,1,8,1.0,0.122654,-2.408956232875109,0.744942,0.006674,True,,0.386,39,0,0,0,0,0,0.0,0.0,0.0,0.0,0,0,,,
community_8_1,community,8,11,llm_pce,2.0,4,2.0,0.392857,2,4,2.75,0.6614,0.708333,0.571429,1,8,1.0,0.122654,-0.6332147505984227,0.64629,0.000606,True,,,39,6,6,4,16,32,0.1875,0.1875,0.125,2.0,2,8,low_order_sufficient,Qwen/Qwen2.5-32B-Instruct,"The graph has a community structure and moderate density, suggesting k=2 is sufficient."
community_8_2,community,8,9,baseline_qaoa,,8,1.0,0.321429,1,3,2.25,0.8292,0.5,0.857143,2,4,0.5,0.0,-1.9074763818700435,0.779105,0.003592,True,,0.208,39,0,0,0,0,0,0.0,0.0,0.0,0.0,0,0,,,
community_8_2,community,8,9,pce_baseline_k1,1.0,3,2.67,0.321429,1,3,2.25,0.8292,0.5,0.857143,2,4,0.5,0.0,-0.5167178277871385,0.679766,0.006734,True,,1.0918,104,0,0,0,0,0,0.0,0.0,0.0,0.0,0,0,,,
community_8_2,community,8,9,pce_baseline_k2,2.0,2,4.0,0.321429,1,3,2.25,0.8292,0.5,0.857143,2,4,0.5,0.0,-1.2670982485567643,0.733364,0.001038,True,,0.4576,51,0,0,0,0,0,0.0,0.0,0.0,0.0,0,0,,,
community_8_2,community,8,9,llm_pce,2.0,4,2.0,0.321429,1,3,2.25,0.8292,0.5,0.857143,2,4,0.5,0.0,-1.4061452338650948,0.743296,0.000556,True,,,40,6,6,4,16,32,0.1875,0.1875,0.125,2.0,2,8,low_order_sufficient,Qwen/Qwen2.5-32B-Instruct,"The graph is relatively sparse and has a community structure, making k=2 a suitable choice for balancing qubit efficiency and avoiding barren plateaus."
community_8_3,community,8,11,baseline_qaoa,,8,1.0,0.392857,1,4,2.75,0.9682,0.708333,0.652174,1,8,1.0,0.143339,-2.3584623709461576,0.834904,0.005104,True,,0.3057,39,0,0,0,0,0,0.0,0.0,0.0,0.0,0,0,,,
community_8_3,community,8,11,pce_baseline_k1,1.0,3,2.67,0.392857,1,4,2.75,0.9682,0.708333,0.652174,1,8,1.0,0.143339,-1.1592989598578511,0.759956,0.202395,False,,2.0456,200,0,0,0,0,0,0.0,0.0,0.0,0.0,0,0,,,
community_8_3,community,8,11,pce_baseline_k2,2.0,2,4.0,0.392857,1,4,2.75,0.9682,0.708333,0.652174,1,8,1.0,0.143339,-1.6017783424085457,0.787611,3.444564,False,,2.0131,200,0,0,0,0,0,0.0,0.0,0.0,0.0,0,0,,,
community_8_3,community,8,11,llm_pce,2.0,4,2.0,0.392857,1,4,2.75,0.9682,0.708333,0.652174,1,8,1.0,0.143339,-1.23606774198411,0.764754,0.004384,True,,,38,6,6,4,16,32,0.1875,0.1875,0.125,2.0,2,8,low_order_sufficient,Qwen/Qwen2.5-32B-Instruct,"The graph has moderate density and a community structure, suggesting k=2 is appropriate to capture the correlations without excessive complexity."
community_8_4,community,8,13,baseline_qaoa,,8,1.0,0.464286,2,4,3.25,0.6614,0.666667,0.580645,1,8,1.0,0.239741,-2.321411765455831,0.766071,0.005264,True,,0.3143,38,0,0,0,0,0,0.0,0.0,0.0,0.0,0,0,,,
community_8_4,community,8,13,pce_baseline_k1,1.0,3,2.67,0.464286,2,4,3.25,0.6614,0.666667,0.580645,1,8,1.0,0.239741,-2.0420336159170556,0.752102,0.009195,True,,0.6124,58,0,0,0,0,0,0.0,0.0,0.0,0.0,0,0,,,
community_8_4,community,8,13,pce_baseline_k2,2.0,2,4.0,0.464286,2,4,3.25,0.6614,0.666667,0.580645,1,8,1.0,0.239741,-1.093236140249111,0.704662,0.006304,True,,0.3873,35,0,0,0,0,0,0.0,0.0,0.0,0.0,0,0,,,
community_8_4,community,8,13,llm_pce,2.0,4,2.0,0.464286,2,4,3.25,0.6614,0.666667,0.580645,1,8,1.0,0.239741,-2.0925887621702364,0.754629,0.008162,True,,,53,6,6,4,16,32,0.1875,0.1875,0.125,2.0,2,8,low_order_sufficient,Qwen/Qwen2.5-32B-Instruct,"The graph has moderate density and a community structure, suggesting k=2 is appropriate for capturing correlations without excessive complexity."
d_regular_12_0,d_regular,12,18,baseline_qaoa,,12,1.0,0.272727,3,3,3.0,0.0,0.083333,0.083333,1,12,1.0,0.333333,-1.3961991476627538,0.606131,0.002868,True,,0.4843,41,0,0,0,0,0,0.0,0.0,0.0,0.0,0,0,,,
d_regular_12_0,d_regular,12,18,pce_baseline_k1,1.0,4,3.0,0.272727,3,3,3.0,0.0,0.083333,0.083333,1,12,1.0,0.333333,-0.38455211194524375,0.574517,0.001476,True,,0.6281,40,0,0,0,0,0,0.0,0.0,0.0,0.0,0,0,,,
d_regular_12_0,d_regular,12,18,pce_baseline_k2,2.0,3,4.0,0.272727,3,3,3.0,0.0,0.083333,0.083333,1,12,1.0,0.333333,-1.574883015325105,0.611715,0.001848,True,,0.4342,39,0,0,0,0,0,0.0,0.0,0.0,0.0,0,0,,,
d_regular_12_0,d_regular,12,18,llm_pce,2.0,6,2.0,0.272727,3,3,3.0,0.0,0.083333,0.083333,1,12,1.0,0.333333,0.33082443406119344,0.552162,0.002797,True,,,44,8,8,8,48,72,0.1111,0.1111,0.1111,2.0,2,12,low_order_sufficient,Qwen/Qwen2.5-32B-Instruct,"The graph is regular with low density and moderate size, making k=2 a suitable choice for efficient encoding while avoiding barren plateaus."
d_regular_12_1,d_regular,12,18,baseline_qaoa,,12,1.0,0.272727,3,3,3.0,0.0,0.166667,0.166667,1,12,1.0,0.137087,-1.9286812656996815,0.622771,0.002287,True,,0.45,39,0,0,0,0,0,0.0,0.0,0.0,0.0,0,0,,,
d_regular_12_1,d_regular,12,18,pce_baseline_k1,1.0,4,3.0,0.272727,3,3,3.0,0.0,0.166667,0.166667,1,12,1.0,0.137087,-0.8236854435605647,0.58824,0.002105,True,,0.6186,38,0,0,0,0,0,0.0,0.0,0.0,0.0,0,0,,,
d_regular_12_1,d_regular,12,18,pce_baseline_k2,2.0,3,4.0,0.272727,3,3,3.0,0.0,0.166667,0.166667,1,12,1.0,0.137087,-2.4159233533216673,0.637998,0.00331,True,,0.4582,42,0,0,0,0,0,0.0,0.0,0.0,0.0,0,0,,,
d_regular_12_1,d_regular,12,18,llm_pce,2.0,6,2.0,0.272727,3,3,3.0,0.0,0.166667,0.166667,1,12,1.0,0.137087,-2.5606785119115747,0.642521,0.003252,True,,,33,8,8,8,48,72,0.1111,0.1111,0.1111,2.0,2,12,low_order_sufficient,Qwen/Qwen2.5-32B-Instruct,"The graph is regular with low density and moderate size, making k=2 a suitable choice for efficient compression while maintaining training feasibility."
d_regular_12_2,d_regular,12,18,baseline_qaoa,,12,1.0,0.272727,3,3,3.0,0.0,0.333333,0.333333,1,12,1.0,0.118083,-1.5048649707014428,0.609527,0.002934,True,,0.4636,36,0,0,0,0,0,0.0,0.0,0.0,0.0,0,0,,,
d_regular_12_2,d_regular,12,18,pce_baseline_k1,1.0,4,3.0,0.272727,3,3,3.0,0.0,0.333333,0.333333,1,12,1.0,0.118083,-1.7120375254448152,0.616001,0.010452,True,,0.7727,46,0,0,0,0,0,0.0,0.0,0.0,0.0,0,0,,,
d_regular_12_2,d_regular,12,18,pce_baseline_k2,2.0,3,4.0,0.272727,3,3,3.0,0.0,0.333333,0.333333,1,12,1.0,0.118083,-1.0832045084051174,0.59635,0.00265,True,,0.4166,38,0,0,0,0,0,0.0,0.0,0.0,0.0,0,0,,,
d_regular_12_2,d_regular,12,18,llm_pce,2.0,6,2.0,0.272727,3,3,3.0,0.0,0.333333,0.333333,1,12,1.0,0.118083,-1.192672810282045,0.599771,0.001472,True,,,33,8,8,8,48,72,0.1111,0.1111,0.1111,2.0,2,12,low_order_sufficient,Qwen/Qwen2.5-32B-Instruct,"The graph is regular with low density and moderate size, making k=2 a suitable choice for efficient encoding while avoiding barren plateaus."
d_regular_12_3,d_regular,12,18,baseline_qaoa,,12,1.0,0.272727,3,3,3.0,0.0,0.166667,0.166667,1,12,1.0,0.209442,4.242569837109578e-14,0.5625,0.0,True,,0.486,28,0,0,0,0,0,0.0,0.0,0.0,0.0,0,0,,,
d_regular_12_3,d_regular,12,18,pce_baseline_k1,1.0,4,3.0,0.272727,3,3,3.0,0.0,0.166667,0.166667,1,12,1.0,0.209442,-2.3395776219914666,0.635612,0.013089,True,,1.4952,115,0,0,0,0,0,0.0,0.0,0.0,0.0,0,0,,,
d_regular_12_3,d_regular,12,18,pce_baseline_k2,2.0,3,4.0,0.272727,3,3,3.0,0.0,0.166667,0.166667,1,12,1.0,0.209442,-2.846398790079918,0.65145,0.013049,True,,0.4437,41,0,0,0,0,0,0.0,0.0,0.0,0.0,0,0,,,
d_regular_12_3,d_regular,12,18,llm_pce,2.0,6,2.0,0.272727,3,3,3.0,0.0,0.166667,0.166667,1,12,1.0,0.209442,-1.5807647606885686,0.611899,0.00132,True,,,32,7,7,8,50,72,0.0972,0.0972,0.1111,1.8333,2,12,low_order_sufficient,Qwen/Qwen2.5-32B-Instruct,"The graph is regular with low density and moderate size, making k=2 suitable for efficient encoding while avoiding barren plateaus."
d_regular_12_4,d_regular,12,18,baseline_qaoa,,12,1.0,0.272727,3,3,3.0,0.0,0.166667,0.166667,1,12,1.0,0.289133,-2.1688425632293638,0.630276,0.005763,True,,0.5977,39,0,0,0,0,0,0.0,0.0,0.0,0.0,0,0,,,
d_regular_12_4,d_regular,12,18,pce_baseline_k1,1.0,4,3.0,0.272727,3,3,3.0,0.0,0.166667,0.166667,1,12,1.0,0.289133,-0.38455211194524375,0.574517,0.001476,True,,0.5482,40,0,0,0,0,0,0.0,0.0,0.0,0.0,0,0,,,
d_regular_12_4,d_regular,12,18,pce_baseline_k2,2.0,3,4.0,0.272727,3,3,3.0,0.0,0.166667,0.166667,1,12,1.0,0.289133,-1.574883015325105,0.611715,0.001848,True,,0.438,39,0,0,0,0,0,0.0,0.0,0.0,0.0,0,0,,,
d_regular_12_4,d_regular,12,18,llm_pce,2.0,6,2.0,0.272727,3,3,3.0,0.0,0.166667,0.166667,1,12,1.0,0.289133,-1.9704215477097518,0.624076,0.004066,True,,,35,13,7,7,45,72,0.1806,0.0972,0.0972,2.25,3,12,low_order_sufficient,Qwen/Qwen2.5-32B-Instruct,"The graph is regular with low density and moderate size, making k=2 a suitable choice for efficient compression while maintaining good performance."
d_regular_16_0,d_regular,16,32,baseline_qaoa,,16,1.0,0.266667,4,4,4.0,0.0,0.125,0.125,1,16,1.0,0.400424,-2.960874808395567,0.672325,0.004235,True,,15.6409,33,0,0,0,0,0,0.0,0.0,0.0,0.0,0,0,,,
d_regular_16_0,d_regular,16,32,pce_baseline_k1,1.0,6,2.67,0.266667,4,4,4.0,0.0,0.125,0.125,1,16,1.0,0.400424,-0.7715874567451264,0.630223,0.008861,True,,5.2404,47,0,0,0,0,0,0.0,0.0,0.0,0.0,0,0,,,
d_regular_16_0,d_regular,16,32,pce_baseline_k2,2.0,3,5.33,0.266667,4,4,4.0,0.0,0.125,0.125,1,16,1.0,0.400424,-2.9999581310861583,0.673076,0.005793,True,,0.7125,44,0,0,0,0,0,0.0,0.0,0.0,0.0,0,0,,,
d_regular_16_0,d_regular,16,32,llm_pce,2.0,8,2.0,0.266667,4,4,4.0,0.0,0.125,0.125,1,16,1.0,0.400424,-0.49176323859466115,0.624842,0.009662,True,,,30,12,10,10,96,128,0.0938,0.0781,0.0781,2.0,2,16,low_order_sufficient,Qwen/Qwen2.5-32B-Instruct,"The graph is regular with moderate density and degree, making k=2 suitable for efficient encoding while avoiding potential barren plateaus."
d_regular_16_1,d_regular,16,32,baseline_qaoa,,16,1.0,0.266667,4,4,4.0,0.0,0.125,0.125,1,16,1.0,0.34728,-3.705389808333694,0.686642,0.01418,True,,15.6161,35,0,0,0,0,0,0.0,0.0,0.0,0.0,0,0,,,
d_regular_16_1,d_regular,16,32,pce_baseline_k1,1.0,6,2.67,0.266667,4,4,4.0,0.0,0.125,0.125,1,16,1.0,0.34728,-1.8582231435468677,0.65112,0.020315,True,,5.6287,51,0,0,0,0,0,0.0,0.0,0.0,0.0,0,0,,,
d_regular_16_1,d_regular,16,32,pce_baseline_k2,2.0,3,5.33,0.266667,4,4,4.0,0.0,0.125,0.125,1,16,1.0,0.34728,-2.7606590669077287,0.668474,0.047982,True,,0.8955,57,0,0,0,0,0,0.0,0.0,0.0,0.0,0,0,,,
d_regular_16_1,d_regular,16,32,llm_pce,2.0,8,2.0,0.266667,4,4,4.0,0.0,0.125,0.125,1,16,1.0,0.34728,1.606782674520314,0.584485,0.00291,True,,,41,11,10,10,97,128,0.0859,0.0781,0.0781,1.9375,2,16,low_order_sufficient,Qwen/Qwen2.5-32B-Instruct,"The graph is regular with moderate density and degree, making k=2 suitable for efficient compression while avoiding barren plateaus."
d_regular_16_2,d_regular,16,32,baseline_qaoa,,16,1.0,0.266667,4,4,4.0,0.0,0.21875,0.21875,1,16,1.0,0.255144,-1.4062261366918933,0.695963,0.006352,True,,16.2433,41,0,0,0,0,0,0.0,0.0,0.0,0.0,0,0,,,
d_regular_16_2,d_regular,16,32,pce_baseline_k1,1.0,6,2.67,0.266667,4,4,4.0,0.0,0.21875,0.21875,1,16,1.0,0.255144,-1.0054519321486102,0.687614,0.007217,True,,12.3608,117,0,0,0,0,0,0.0,0.0,0.0,0.0,0,0,,,
d_regular_16_2,d_regular,16,32,pce_baseline_k2,2.0,3,5.33,0.266667,4,4,4.0,0.0,0.21875,0.21875,1,16,1.0,0.255144,-2.5342799700748353,0.719464,0.021276,True,,1.3416,103,0,0,0,0,0,0.0,0.0,0.0,0.0,0,0,,,
d_regular_16_2,d_regular,16,32,llm_pce,2.0,8,2.0,0.266667,4,4,4.0,0.0,0.21875,0.21875,1,16,1.0,0.255144,-0.6036411345987469,0.679243,0.009881,True,,,37,12,10,10,96,128,0.0938,0.0781,0.0781,2.0,2,16,low_order_sufficient,Qwen/Qwen2.5-32B-Instruct,"The graph is regular with moderate density and degree, making k=2 suitable for efficient encoding while avoiding barren plateaus."
d_regular_16_3,d_regular,16,32,baseline_qaoa,,16,1.0,0.266667,4,4,4.0,0.0,0.1875,0.1875,1,16,1.0,0.281135,-2.7602754934739586,0.668467,0.00408,True,,17.1305,37,0,0,0,0,0,0.0,0.0,0.0,0.0,0,0,,,
d_regular_16_3,d_regular,16,32,pce_baseline_k1,1.0,6,2.67,0.266667,4,4,4.0,0.0,0.1875,0.1875,1,16,1.0,0.281135,-0.5563359669907795,0.626083,0.009051,True,,6.4569,61,0,0,0,0,0,0.0,0.0,0.0,0.0,0,0,,,
d_regular_16_3,d_regular,16,32,pce_baseline_k2,2.0,3,5.33,0.266667,4,4,4.0,0.0,0.1875,0.1875,1,16,1.0,0.281135,-1.242667147870788,0.639282,0.007171,True,,0.8248,42,0,0,0,0,0,0.0,0.0,0.0,0.0,0,0,,,
d_regular_16_3,d_regular,16,32,llm_pce,2.0,8,2.0,0.266667,4,4,4.0,0.0,0.1875,0.1875,1,16,1.0,0.281135,0.22748910178643827,0.61101,0.01252,True,,,37,12,10,10,96,128,0.0938,0.0781,0.0781,2.0,2,16,low_order_sufficient,Qwen/Qwen2.5-32B-Instruct,"The graph is regular with moderate density and degree, making k=2 a suitable choice for efficient qubit usage while avoiding potential barren plateaus."
d_regular_16_4,d_regular,16,32,baseline_qaoa,,16,1.0,0.266667,4,4,4.0,0.0,0.125,0.125,1,16,1.0,0.400424,-2.960874808395567,0.672325,0.004235,True,,15.227,33,0,0,0,0,0,0.0,0.0,0.0,0.0,0,0,,,
d_regular_16_4,d_regular,16,32,pce_baseline_k1,1.0,6,2.67,0.266667,4,4,4.0,0.0,0.125,0.125,1,16,1.0,0.400424,-0.7715874567451264,0.630223,0.008861,True,,5.4083,47,0,0,0,0,0,0.0,0.0,0.0,0.0,0,0,,,
d_regular_16_4,d_regular,16,32,pce_baseline_k2,2.0,3,5.33,0.266667,4,4,4.0,0.0,0.125,0.125,1,16,1.0,0.400424,-2.9999581310861583,0.673076,0.005793,True,,0.8471,44,0,0,0,0,0,0.0,0.0,0.0,0.0,0,0,,,
d_regular_16_4,d_regular,16,32,llm_pce,2.0,8,2.0,0.266667,4,4,4.0,0.0,0.125,0.125,1,16,1.0,0.400424,-0.49176323859466115,0.624842,0.009662,True,,,30,12,10,10,96,128,0.0938,0.0781,0.0781,2.0,2,16,low_order_sufficient,Qwen/Qwen2.5-32B-Instruct,"The graph is regular with moderate density and degree, making k=2 suitable for efficient qubit usage while avoiding potential barren plateaus."
d_regular_20_0,d_regular,20,50,baseline_qaoa,,20,1.0,0.263158,5,5,5.0,0.0,0.21,0.21,1,20,1.0,0.343171,-2.1298388650366995,0.651623,0.003326,True,,217.8429,41,0,0,0,0,0,0.0,0.0,0.0,0.0,0,0,,,
d_regular_20_0,d_regular,20,50,pce_baseline_k1,1.0,7,2.86,0.263158,5,5,5.0,0.0,0.21,0.21,1,20,1.0,0.343171,-2.2881570454244375,0.653602,0.01042,True,,17.1255,53,0,0,0,0,0,0.0,0.0,0.0,0.0,0,0,,,
d_regular_20_0,d_regular,20,50,pce_baseline_k2,2.0,3,6.67,0.263158,5,5,5.0,0.0,0.21,0.21,1,20,1.0,0.343171,-1.3814360575530191,0.642268,0.0257,True,,6.4552,38,0,0,0,0,0,0.0,0.0,0.0,0.0,0,0,,,
d_regular_20_0,d_regular,20,50,llm_pce,2.0,10,2.0,0.263158,5,5,5.0,0.0,0.21,0.21,1,20,1.0,0.343171,-1.0561754248378374,0.638202,0.00982,True,,,37,14,14,12,160,200,0.07,0.07,0.06,2.0,2,20,low_order_sufficient,Qwen/Qwen2.5-32B-Instruct,"The graph is regular with moderate density and average clustering, suggesting that k=2 is sufficient for efficient encoding while avoiding barren plateaus."
d_regular_20_1,d_regular,20,50,baseline_qaoa,,20,1.0,0.263158,5,5,5.0,0.0,0.18,0.18,1,20,1.0,0.375425,-1.626509513293821,0.645331,0.002242,True,,202.8026,39,0,0,0,0,0,0.0,0.0,0.0,0.0,0,0,,,
d_regular_20_1,d_regular,20,50,pce_baseline_k1,1.0,7,2.86,0.263158,5,5,5.0,0.0,0.18,0.18,1,20,1.0,0.375425,-0.9668739599162982,0.637086,0.007485,True,,16.7613,50,0,0,0,0,0,0.0,0.0,0.0,0.0,0,0,,,
d_regular_20_1,d_regular,20,50,pce_baseline_k2,2.0,3,6.67,0.263158,5,5,5.0,0.0,0.18,0.18,1,20,1.0,0.375425,-3.7326481457833856,0.671658,0.06388,True,,6.9506,79,0,0,0,0,0,0.0,0.0,0.0,0.0,0,0,,,
d_regular_20_1,d_regular,20,50,llm_pce,2.0,10,2.0,0.263158,5,5,5.0,0.0,0.18,0.18,1,20,1.0,0.375425,0.037652992973673874,0.624529,0.002046,True,,,42,14,14,12,160,200,0.07,0.07,0.06,2.0,2,20,low_order_sufficient,Qwen/Qwen2.5-32B-Instruct,"The graph is regular with moderate density and average clustering, suggesting that k=2 can provide a good balance between compression and training complexity."
d_regular_20_2,d_regular,20,50,baseline_qaoa,,20,1.0,0.263158,5,5,5.0,0.0,0.225,0.225,1,20,1.0,0.360725,-1.7845411970772869,0.663904,0.002817,True,,197.7149,37,0,0,0,0,0,0.0,0.0,0.0,0.0,0,0,,,
d_regular_20_2,d_regular,20,50,pce_baseline_k1,1.0,7,2.86,0.263158,5,5,5.0,0.0,0.225,0.225,1,20,1.0,0.360725,-1.2546568095549995,0.657111,0.007669,True,,14.3618,38,0,0,0,0,0,0.0,0.0,0.0,0.0,0,0,,,
d_regular_20_2,d_regular,20,50,pce_baseline_k2,2.0,3,6.67,0.263158,5,5,5.0,0.0,0.225,0.225,1,20,1.0,0.360725,-0.29067943211965086,0.644752,0.012818,True,,7.6544,159,0,0,0,0,0,0.0,0.0,0.0,0.0,0,0,,,
d_regular_20_2,d_regular,20,50,llm_pce,2.0,10,2.0,0.263158,5,5,5.0,0.0,0.225,0.225,1,20,1.0,0.360725,-5.404194368518543,0.71031,0.056154,True,,,38,14,14,12,160,200,0.07,0.07,0.06,2.0,2,20,low_order_sufficient,Qwen/Qwen2.5-32B-Instruct,"The graph is regular with moderate density and average clustering, suggesting k=2 is sufficient."
d_regular_20_3,d_regular,20,50,baseline_qaoa,,20,1.0,0.263158,5,5,5.0,0.0,0.195,0.195,1,20,1.0,0.393943,-1.372134054490877,0.675949,0.00408,True,,210.7508,40,0,0,0,0,0,0.0,0.0,0.0,0.0,0,0,,,
d_regular_20_3,d_regular,20,50,pce_baseline_k1,1.0,7,2.86,0.263158,5,5,5.0,0.0,0.195,0.195,1,20,1.0,0.393943,-1.5599988772603404,0.678421,0.004213,True,,16.8096,50,0,0,0,0,0,0.0,0.0,0.0,0.0,0,0,,,
d_regular_20_3,d_regular,20,50,pce_baseline_k2,2.0,3,6.67,0.263158,5,5,5.0,0.0,0.195,0.195,1,20,1.0,0.393943,-2.464218576990086,0.690319,0.090105,True,,6.7659,78,0,0,0,0,0,0.0,0.0,0.0,0.0,0,0,,,
d_regular_20_3,d_regular,20,50,llm_pce,2.0,10,2.0,0.263158,5,5,5.0,0.0,0.195,0.195,1,20,1.0,0.393943,9.264343261859548,0.535995,0.015407,True,,,64,22,6,12,160,200,0.11,0.03,0.06,2.0,2,20,low_order_sufficient,Qwen/Qwen2.5-32B-Instruct,"The graph is regular with moderate density and connectivity, making k=2 suitable for efficient encoding while avoiding barren plateaus."
d_regular_20_4,d_regular,20,50,baseline_qaoa,,20,1.0,0.263158,5,5,5.0,0.0,0.21,0.21,1,20,1.0,0.343171,-2.1298389144270833,0.651623,0.003052,True,,195.9986,37,0,0,0,0,0,0.0,0.0,0.0,0.0,0,0,,,
d_regular_20_4,d_regular,20,50,pce_baseline_k1,1.0,7,2.86,0.263158,5,5,5.0,0.0,0.21,0.21,1,20,1.0,0.343171,-2.2881570454244375,0.653602,0.01042,True,,16.8257,53,0,0,0,0,0,0.0,0.0,0.0,0.0,0,0,,,
d_regular_20_4,d_regular,20,50,pce_baseline_k2,2.0,3,6.67,0.263158,5,5,5.0,0.0,0.21,0.21,1,20,1.0,0.343171,-1.3814360575530191,0.642268,0.0257,True,,6.5056,38,0,0,0,0,0,0.0,0.0,0.0,0.0,0,0,,,
d_regular_20_4,d_regular,20,50,llm_pce,2.0,10,2.0,0.263158,5,5,5.0,0.0,0.21,0.21,1,20,1.0,0.343171,-0.5757440731185874,0.632197,0.010388,True,,,60,21,10,9,160,200,0.105,0.05,0.045,2.0,2,20,low_order_sufficient,Qwen/Qwen2.5-32B-Instruct,"The graph is regular with moderate density and average clustering, making k=2 a suitable choice for balancing qubit efficiency and training complexity."
d_regular_8_0,d_regular,8,8,baseline_qaoa,,8,1.0,0.285714,2,2,2.0,0.0,0.0,0.0,1,8,1.0,0.292893,-0.6180338745327512,0.538627,0.001852,True,,0.211,43,0,0,0,0,0,0.0,0.0,0.0,0.0,0,0,,,
d_regular_8_0,d_regular,8,8,pce_baseline_k1,1.0,3,2.67,0.285714,2,2,2.0,0.0,0.0,0.0,1,8,1.0,0.292893,-0.9861604124419332,0.748847,0.001175,True,,0.4226,39,0,0,0,0,0,0.0,0.0,0.0,0.0,0,0,,,
d_regular_8_0,d_regular,8,8,pce_baseline_k2,2.0,2,4.0,0.285714,2,2,2.0,0.0,0.0,0.0,1,8,1.0,0.292893,-1.9999998348317625,0.833333,0.003251,True,,0.3643,40,0,0,0,0,0,0.0,0.0,0.0,0.0,0,0,,,
d_regular_8_0,d_regular,8,8,llm_pce,2.0,4,2.0,0.285714,2,2,2.0,0.0,0.0,0.0,1,8,1.0,0.292893,-1.9999998786519881,0.625,0.002546,True,,,41,6,6,4,16,32,0.1875,0.1875,0.125,2.0,2,8,low_order_sufficient,Qwen/Qwen2.5-32B-Instruct,"The graph is sparse with low degree and no clustering, making k=2 sufficient."
d_regular_8_1,d_regular,8,8,baseline_qaoa,,8,1.0,0.285714,2,2,2.0,0.0,0.375,0.375,2,5,0.625,0.0,-0.6343886494912785,0.719532,0.001813,True,,0.1676,34,0,0,0,0,0,0.0,0.0,0.0,0.0,0,0,,,
d_regular_8_1,d_regular,8,8,pce_baseline_k1,1.0,3,2.67,0.285714,2,2,2.0,0.0,0.375,0.375,2,5,0.625,0.0,-1.0376155241057423,0.753135,0.000838,True,,0.4212,37,0,0,0,0,0,0.0,0.0,0.0,0.0,0,0,,,
d_regular_8_1,d_regular,8,8,pce_baseline_k2,2.0,2,4.0,0.285714,2,2,2.0,0.0,0.375,0.375,2,5,0.625,0.0,-2.5280811884038745,0.87734,0.003202,True,,0.4293,40,0,0,0,0,0,0.0,0.0,0.0,0.0,0,0,,,
d_regular_8_1,d_regular,8,8,llm_pce,2.0,4,2.0,0.285714,2,2,2.0,0.0,0.375,0.375,2,5,0.625,0.0,-2.528081086653232,0.87734,0.004202,True,,,39,6,6,4,16,32,0.1875,0.1875,0.125,2.0,2,8,low_order_sufficient,Qwen/Qwen2.5-32B-Instruct,"The graph is sparse with low density and degree, making k=2 sufficient for efficient encoding while avoiding barren plateaus."
d_regular_8_2,d_regular,8,8,baseline_qaoa,,8,1.0,0.285714,2,2,2.0,0.0,0.375,0.375,2,5,0.625,0.0,-1.9849458432739118,0.832079,0.002683,True,,0.1644,33,0,0,0,0,0,0.0,0.0,0.0,0.0,0,0,,,
d_regular_8_2,d_regular,8,8,pce_baseline_k1,1.0,3,2.67,0.285714,2,2,2.0,0.0,0.375,0.375,2,5,0.625,0.0,-2.069637457526831,0.839136,0.003698,True,,0.4963,46,0,0,0,0,0,0.0,0.0,0.0,0.0,0,0,,,
d_regular_8_2,d_regular,8,8,pce_baseline_k2,2.0,2,4.0,0.285714,2,2,2.0,0.0,0.375,0.375,2,5,0.625,0.0,-2.0098261723514037,0.834152,0.006811,True,,0.3579,33,0,0,0,0,0,0.0,0.0,0.0,0.0,0,0,,,
d_regular_8_2,d_regular,8,8,llm_pce,2.0,4,2.0,0.285714,2,2,2.0,0.0,0.375,0.375,2,5,0.625,0.0,-2.009826549602216,0.834152,0.002373,True,,,34,6,6,4,16,32,0.1875,0.1875,0.125,2.0,2,8,low_order_sufficient,Qwen/Qwen2.5-32B-Instruct,"The graph is sparse with low density and degree, making k=2 sufficient for efficient encoding while avoiding barren plateaus."
d_regular_8_3,d_regular,8,8,baseline_qaoa,,8,1.0,0.285714,2,2,2.0,0.0,0.0,0.0,2,4,0.5,0.0,-1.9999997559845777,0.625,0.003952,True,,0.215,37,0,0,0,0,0,0.0,0.0,0.0,0.0,0,0,,,
d_regular_8_3,d_regular,8,8,pce_baseline_k1,1.0,3,2.67,0.285714,2,2,2.0,0.0,0.0,0.0,2,4,0.5,0.0,-0.1674565333032061,0.510466,0.001599,True,,0.4826,40,0,0,0,0,0,0.0,0.0,0.0,0.0,0,0,,,
d_regular_8_3,d_regular,8,8,pce_baseline_k2,2.0,2,4.0,0.285714,2,2,2.0,0.0,0.0,0.0,2,4,0.5,0.0,-0.5624999873583729,0.535156,0.000433,True,,0.4421,43,0,0,0,0,0,0.0,0.0,0.0,0.0,0,0,,,
d_regular_8_3,d_regular,8,8,llm_pce,2.0,4,2.0,0.285714,2,2,2.0,0.0,0.0,0.0,2,4,0.5,0.0,-1.414213538024305,0.588388,0.000758,True,,,41,6,6,4,16,32,0.1875,0.1875,0.125,2.0,2,8,low_order_sufficient,Qwen/Qwen2.5-32B-Instruct,"The graph is sparse with low density and degree, making k=2 sufficient for efficient encoding while maintaining diversity in Pauli operators."
d_regular_8_4,d_regular,8,8,baseline_qaoa,,8,1.0,0.285714,2,2,2.0,0.0,0.375,0.375,2,5,0.625,0.0,-1.1856402396607484,0.76547,0.001229,True,,0.2095,33,0,0,0,0,0,0.0,0.0,0.0,0.0,0,0,,,
d_regular_8_4,d_regular,8,8,pce_baseline_k1,1.0,3,2.67,0.285714,2,2,2.0,0.0,0.375,0.375,2,5,0.625,0.0,-0.9861604124419332,0.748847,0.001175,True,,0.4425,39,0,0,0,0,0,0.0,0.0,0.0,0.0,0,0,,,
d_regular_8_4,d_regular,8,8,pce_baseline_k2,2.0,2,4.0,0.285714,2,2,2.0,0.0,0.375,0.375,2,5,0.625,0.0,-1.9999998348317625,0.833333,0.003251,True,,0.3845,40,0,0,0,0,0,0.0,0.0,0.0,0.0,0,0,,,
d_regular_8_4,d_regular,8,8,llm_pce,2.0,4,2.0,0.285714,2,2,2.0,0.0,0.375,0.375,2,5,0.625,0.0,-3.125410098972761,0.927118,0.011857,True,,,35,5,6,5,16,32,0.1562,0.1875,0.1562,2.0,2,8,low_order_sufficient,Qwen/Qwen2.5-32B-Instruct,"The graph is sparse with low density and small size, making k=2 sufficient for efficient encoding while avoiding barren plateaus."
erdos_renyi_12_0,erdos_renyi,12,39,baseline_qaoa,,12,1.0,0.590909,5,8,6.5,1.118,0.507143,0.513514,1,12,1.0,0.702329,-2.913167655856918,0.77617,0.009716,True,,0.9321,44,0,0,0,0,0,0.0,0.0,0.0,0.0,0,0,,,
erdos_renyi_12_0,erdos_renyi,12,39,pce_baseline_k1,1.0,4,3.0,0.590909,5,8,6.5,1.118,0.507143,0.513514,1,12,1.0,0.702329,-1.4847984350486938,0.758657,0.073467,True,,1.4083,95,0,0,0,0,0,0.0,0.0,0.0,0.0,0,0,,,
erdos_renyi_12_0,erdos_renyi,12,39,pce_baseline_k2,2.0,3,4.0,0.590909,5,8,6.5,1.118,0.507143,0.513514,1,12,1.0,0.702329,-2.650895778076276,0.77948,0.02123,True,,0.4464,37,0,0,0,0,0,0.0,0.0,0.0,0.0,0,0,,,
erdos_renyi_12_0,erdos_renyi,12,39,llm_pce,2.0,6,2.0,0.590909,5,8,6.5,1.118,0.507143,0.513514,1,12,1.0,0.702329,0.8639133888964933,0.706224,0.003097,True,,,37,8,8,8,48,72,0.1111,0.1111,0.1111,2.0,2,12,gradient_risk,Qwen/Qwen2.5-32B-Instruct,"The graph is dense with a high degree mean and standard deviation, indicating a complex structure that benefits from higher-order correlations. Using k=2 allows for efficient representation while avoiding excessive barren plateaus."
erdos_renyi_12_1,erdos_renyi,12,23,baseline_qaoa,,12,1.0,0.348485,2,6,3.8333,1.3437,0.375,0.394737,1,12,1.0,0.376454,-2.160047418878379,0.662107,0.006275,True,,0.5658,39,0,0,0,0,0,0.0,0.0,0.0,0.0,0,0,,,
erdos_renyi_12_1,erdos_renyi,12,23,pce_baseline_k1,1.0,4,3.0,0.348485,2,6,3.8333,1.3437,0.375,0.394737,1,12,1.0,0.376454,-2.235112794890434,0.664082,0.014446,True,,0.5039,34,0,0,0,0,0,0.0,0.0,0.0,0.0,0,0,,,
erdos_renyi_12_1,erdos_renyi,12,23,pce_baseline_k2,2.0,3,4.0,0.348485,2,6,3.8333,1.3437,0.375,0.394737,1,12,1.0,0.376454,-2.627515278521441,0.674408,0.003396,True,,0.3972,34,0,0,0,0,0,0.0,0.0,0.0,0.0,0,0,,,
erdos_renyi_12_1,erdos_renyi,12,23,llm_pce,2.0,6,2.0,0.348485,2,6,3.8333,1.3437,0.375,0.394737,1,12,1.0,0.376454,-0.20611301912297564,0.610687,0.008792,True,,,43,9,7,8,48,72,0.125,0.0972,0.1111,2.0,2,12,low_order_sufficient,Qwen/Qwen2.5-32B-Instruct,"The graph is moderately dense with a degree mean of 3.83 and average clustering coefficient of 0.375. Given these characteristics, k=2 provides a good balance between qubit efficiency and training complexity."
erdos_renyi_12_2,erdos_renyi,12,40,baseline_qaoa,,12,1.0,0.606061,3,9,6.6667,1.6997,0.668717,0.614754,1,12,1.0,0.671492,-3.1533298713589746,0.799136,0.020973,True,,0.843,41,0,0,0,0,0,0.0,0.0,0.0,0.0,0,0,,,
erdos_renyi_12_2,erdos_renyi,12,40,pce_baseline_k1,1.0,4,3.0,0.606061,3,9,6.6667,1.6997,0.668717,0.614754,1,12,1.0,0.671492,-4.481954648474508,0.82374,0.179568,True,,2.0058,143,0,0,0,0,0,0.0,0.0,0.0,0.0,0,0,,,
erdos_renyi_12_2,erdos_renyi,12,40,pce_baseline_k2,2.0,3,4.0,0.606061,3,9,6.6667,1.6997,0.668717,0.614754,1,12,1.0,0.671492,-3.6985080030338375,0.809232,0.033733,True,,0.9188,85,0,0,0,0,0,0.0,0.0,0.0,0.0,0,0,,,
erdos_renyi_12_2,erdos_renyi,12,40,llm_pce,2.0,6,2.0,0.606061,3,9,6.6667,1.6997,0.668717,0.614754,1,12,1.0,0.671492,-0.7996383120881836,0.755549,0.006249,True,,,63,9,7,8,48,72,0.125,0.0972,0.1111,2.0,2,12,gradient_risk,Qwen/Qwen2.5-32B-Instruct,"The graph is dense with a high degree mean and standard deviation, suggesting a higher-order encoding (k=2) to capture the complexity while avoiding potential barren plateaus."
erdos_renyi_12_3,erdos_renyi,12,39,baseline_qaoa,,12,1.0,0.590909,4,9,6.5,1.4434,0.555622,0.581498,1,12,1.0,0.643727,-3.107291348802305,0.779765,0.011003,True,,0.7756,37,0,0,0,0,0,0.0,0.0,0.0,0.0,0,0,,,
erdos_renyi_12_3,erdos_renyi,12,39,pce_baseline_k1,1.0,4,3.0,0.590909,4,9,6.5,1.4434,0.555622,0.581498,1,12,1.0,0.643727,-2.4814713481003694,0.768175,0.037648,True,,1.6489,98,0,0,0,0,0,0.0,0.0,0.0,0.0,0,0,,,
erdos_renyi_12_3,erdos_renyi,12,39,pce_baseline_k2,2.0,3,4.0,0.590909,4,9,6.5,1.4434,0.555622,0.581498,1,12,1.0,0.643727,-3.31180426606615,0.783552,0.006086,True,,0.4207,35,0,0,0,0,0,0.0,0.0,0.0,0.0,0,0,,,
erdos_renyi_12_3,erdos_renyi,12,39,llm_pce,2.0,6,2.0,0.590909,4,9,6.5,1.4434,0.555622,0.581498,1,12,1.0,0.643727,0.7752662888658108,0.707865,0.00314,True,,,37,8,8,8,48,72,0.1111,0.1111,0.1111,2.0,2,12,gradient_risk,Qwen/Qwen2.5-32B-Instruct,"The graph is dense with a high degree mean and standard deviation, suggesting a higher-order encoding to capture the complexity. However, k=2 is chosen to balance between qubit efficiency and training difficulty."
erdos_renyi_12_4,erdos_renyi,12,41,baseline_qaoa,,12,1.0,0.621212,5,10,6.8333,1.2134,0.621892,0.616935,1,12,1.0,0.615262,-2.3653081286462774,0.774381,0.015514,True,,0.805,38,0,0,0,0,0,0.0,0.0,0.0,0.0,0,0,,,
erdos_renyi_12_4,erdos_renyi,12,41,pce_baseline_k1,1.0,4,3.0,0.621212,5,10,6.8333,1.2134,0.621892,0.616935,1,12,1.0,0.615262,-1.4847984350486938,0.758657,0.073467,True,,1.4131,95,0,0,0,0,0,0.0,0.0,0.0,0.0,0,0,,,
erdos_renyi_12_4,erdos_renyi,12,41,pce_baseline_k2,2.0,3,4.0,0.621212,5,10,6.8333,1.2134,0.621892,0.616935,1,12,1.0,0.615262,-2.650895778076276,0.77948,0.02123,True,,0.4498,37,0,0,0,0,0,0.0,0.0,0.0,0.0,0,0,,,
erdos_renyi_12_4,erdos_renyi,12,41,llm_pce,2.0,6,2.0,0.621212,5,10,6.8333,1.2134,0.621892,0.616935,1,12,1.0,0.615262,-0.30386198362988726,0.737569,0.004149,True,,,46,8,8,8,48,72,0.1111,0.1111,0.1111,2.0,2,12,gradient_risk,Qwen/Qwen2.5-32B-Instruct,"The graph is dense with high connectivity, suggesting k=2 for better compression while monitoring potential gradient issues."
erdos_renyi_16_0,erdos_renyi,16,78,baseline_qaoa,,16,1.0,0.65,6,12,9.75,1.8875,0.669593,0.662447,1,16,1.0,0.689697,-5.352628974236165,0.833526,0.033156,True,,34.8643,37,0,0,0,0,0,0.0,0.0,0.0,0.0,0,0,,,
erdos_renyi_16_0,erdos_renyi,16,78,pce_baseline_k1,1.0,6,2.67,0.65,6,12,9.75,1.8875,0.669593,0.662447,1,16,1.0,0.689697,-1.2157911581716645,0.792158,0.130393,False,,22.3311,200,0,0,0,0,0,0.0,0.0,0.0,0.0,0,0,,,
erdos_renyi_16_0,erdos_renyi,16,78,pce_baseline_k2,2.0,3,5.33,0.65,6,12,9.75,1.8875,0.669593,0.662447,1,16,1.0,0.689697,-3.239851948451638,0.812399,0.055697,True,,2.0044,132,0,0,0,0,0,0.0,0.0,0.0,0.0,0,0,,,
erdos_renyi_16_0,erdos_renyi,16,78,llm_pce,2.0,8,2.0,0.65,6,12,9.75,1.8875,0.669593,0.662447,1,16,1.0,0.689697,-0.6920890296184405,0.786921,0.028331,True,,,54,12,10,10,96,128,0.0938,0.0781,0.0781,2.0,2,16,gradient_risk,Qwen/Qwen2.5-32B-Instruct,"The graph is dense with high average degree and clustering coefficient, suggesting a higher correlation order (k=2) to capture the complexity. However, there's a risk of encountering barren plateaus due to the density."
erdos_renyi_16_1,erdos_renyi,16,34,baseline_qaoa,,16,1.0,0.283333,1,7,4.25,1.4361,0.264286,0.212598,1,16,1.0,0.320869,-2.0267835201972226,0.643335,0.010202,True,,22.4961,39,0,0,0,0,0,0.0,0.0,0.0,0.0,0,0,,,
erdos_renyi_16_1,erdos_renyi,16,34,pce_baseline_k1,1.0,6,2.67,0.283333,1,7,4.25,1.4361,0.264286,0.212598,1,16,1.0,0.320869,-0.09651584376826658,0.608866,0.002851,True,,5.6023,45,0,0,0,0,0,0.0,0.0,0.0,0.0,0,0,,,
erdos_renyi_16_1,erdos_renyi,16,34,pce_baseline_k2,2.0,3,5.33,0.283333,1,7,4.25,1.4361,0.264286,0.212598,1,16,1.0,0.320869,-0.8641310668235868,0.622574,0.017354,True,,0.6911,39,0,0,0,0,0,0.0,0.0,0.0,0.0,0,0,,,
erdos_renyi_16_1,erdos_renyi,16,34,llm_pce,2.0,8,2.0,0.283333,1,7,4.25,1.4361,0.264286,0.212598,1,16,1.0,0.320869,0.05978338622655402,0.606075,0.006677,True,,,39,12,10,10,96,128,0.0938,0.0781,0.0781,2.0,2,16,low_order_sufficient,Qwen/Qwen2.5-32B-Instruct,The graph is not too dense (density = 0.283333) and has a moderate degree range (1-7). Using k=2 allows for efficient use of qubits while maintaining a manageable training landscape.
erdos_renyi_16_2,erdos_renyi,16,76,baseline_qaoa,,16,1.0,0.633333,6,12,9.5,1.8028,0.660958,0.651786,1,16,1.0,0.660477,-3.2955666157448946,0.825995,0.043265,True,,38.8317,37,0,0,0,0,0,0.0,0.0,0.0,0.0,0,0,,,
erdos_renyi_16_2,erdos_renyi,16,76,pce_baseline_k1,1.0,6,2.67,0.633333,6,12,9.5,1.8028,0.660958,0.651786,1,16,1.0,0.660477,-2.687573450735627,0.819662,0.377237,False,,22.4151,200,0,0,0,0,0,0.0,0.0,0.0,0.0,0,0,,,
erdos_renyi_16_2,erdos_renyi,16,76,pce_baseline_k2,2.0,3,5.33,0.633333,6,12,9.5,1.8028,0.660958,0.651786,1,16,1.0,0.660477,-2.4546557808853824,0.817236,0.131861,True,,1.2981,68,0,0,0,0,0,0.0,0.0,0.0,0.0,0,0,,,
erdos_renyi_16_2,erdos_renyi,16,76,llm_pce,2.0,8,2.0,0.633333,6,12,9.5,1.8028,0.660958,0.651786,1,16,1.0,0.660477,0.41868869540553155,0.787305,0.009931,True,,,41,12,10,10,96,128,0.0938,0.0781,0.0781,2.0,2,16,needs_higher_order,Qwen/Qwen2.5-32B-Instruct,"The graph is dense with high average degree and clustering coefficient, suggesting higher-order encoding (k=2) to capture the complexity."
erdos_renyi_16_3,erdos_renyi,16,68,baseline_qaoa,,16,1.0,0.566667,6,11,8.5,1.4577,0.546456,0.535104,1,16,1.0,0.658703,-3.127496325747904,0.756675,0.016127,True,,35.0196,42,0,0,0,0,0,0.0,0.0,0.0,0.0,0,0,,,
erdos_renyi_16_3,erdos_renyi,16,68,pce_baseline_k1,1.0,6,2.67,0.566667,6,11,8.5,1.4577,0.546456,0.535104,1,16,1.0,0.658703,-2.9097176945064396,0.754359,0.099077,True,,8.4161,72,0,0,0,0,0,0.0,0.0,0.0,0.0,0,0,,,
erdos_renyi_16_3,erdos_renyi,16,68,pce_baseline_k2,2.0,3,5.33,0.566667,6,11,8.5,1.4577,0.546456,0.535104,1,16,1.0,0.658703,-0.2422951891540911,0.725982,0.020132,True,,1.1487,43,0,0,0,0,0,0.0,0.0,0.0,0.0,0,0,,,
erdos_renyi_16_3,erdos_renyi,16,68,llm_pce,2.0,8,2.0,0.566667,6,11,8.5,1.4577,0.546456,0.535104,1,16,1.0,0.658703,-0.6195320519725895,0.729995,0.016917,True,,,41,12,11,9,96,128,0.0938,0.0859,0.0703,2.0,2,16,needs_higher_order,Qwen/Qwen2.5-32B-Instruct,"The graph is dense with a high degree mean and standard deviation, suggesting a higher-order encoding is necessary to capture the complexity."
erdos_renyi_16_4,erdos_renyi,16,78,baseline_qaoa,,16,1.0,0.65,6,12,9.75,1.8875,0.669593,0.662447,1,16,1.0,0.689697,-5.352628974236165,0.833526,0.033156,True,,36.8907,37,0,0,0,0,0,0.0,0.0,0.0,0.0,0,0,,,
erdos_renyi_16_4,erdos_renyi,16,78,pce_baseline_k1,1.0,6,2.67,0.65,6,12,9.75,1.8875,0.669593,0.662447,1,16,1.0,0.689697,-1.2157911581716645,0.792158,0.130393,False,,22.2465,200,0,0,0,0,0,0.0,0.0,0.0,0.0,0,0,,,
erdos_renyi_16_4,erdos_renyi,16,78,pce_baseline_k2,2.0,3,5.33,0.65,6,12,9.75,1.8875,0.669593,0.662447,1,16,1.0,0.689697,-3.239851948451638,0.812399,0.055697,True,,2.1633,132,0,0,0,0,0,0.0,0.0,0.0,0.0,0,0,,,
erdos_renyi_16_4,erdos_renyi,16,78,llm_pce,2.0,8,2.0,0.65,6,12,9.75,1.8875,0.669593,0.662447,1,16,1.0,0.689697,-0.6920890296184405,0.786921,0.028331,True,,,54,12,10,10,96,128,0.0938,0.0781,0.0781,2.0,2,16,gradient_risk,Qwen/Qwen2.5-32B-Instruct,"The graph is dense with high connectivity, suggesting higher-order encoding (k=2) to capture correlations efficiently. However, there's a risk of barren plateaus due to the complexity."
erdos_renyi_20_0,erdos_renyi,20,124,baseline_qaoa,,20,1.0,0.652632,10,16,12.4,1.7146,0.628189,0.629938,1,20,1.0,0.800193,-5.571167217754126,0.820071,0.044084,True,,468.2259,42,0,0,0,0,0,0.0,0.0,0.0,0.0,0,0,,,
erdos_renyi_20_0,erdos_renyi,20,124,pce_baseline_k1,1.0,7,2.86,0.652632,10,16,12.4,1.7146,0.628189,0.629938,1,20,1.0,0.800193,-3.482592955273775,0.806852,0.162149,False,,55.9114,200,0,0,0,0,0,0.0,0.0,0.0,0.0,0,0,,,
erdos_renyi_20_0,erdos_renyi,20,124,pce_baseline_k2,2.0,3,6.67,0.652632,10,16,12.4,1.7146,0.628189,0.629938,1,20,1.0,0.800193,-5.582539018405476,0.820143,0.148198,False,,16.6695,200,0,0,0,0,0,0.0,0.0,0.0,0.0,0,0,,,
erdos_renyi_20_0,erdos_renyi,20,124,llm_pce,2.0,10,2.0,0.652632,10,16,12.4,1.7146,0.628189,0.629938,1,20,1.0,0.800193,5.00927405329482,0.753106,0.010832,True,,,44,14,14,12,160,200,0.07,0.07,0.06,2.0,2,20,gradient_risk,Qwen/Qwen2.5-32B-Instruct,"The graph is dense with high connectivity and average degree. Using k=2 helps reduce the number of qubits needed while maintaining diversity in Pauli operators. However, there is a risk of encountering barren plateaus due to the complexity."
erdos_renyi_20_1,erdos_renyi,20,66,baseline_qaoa,,20,1.0,0.347368,3,11,6.6,2.4576,0.354069,0.383721,1,20,1.0,0.53722,-1.6369604751814268,0.704552,0.010828,True,,235.8785,35,0,0,0,0,0,0.0,0.0,0.0,0.0,0,0,,,
erdos_renyi_20_1,erdos_renyi,20,66,pce_baseline_k1,1.0,7,2.86,0.347368,3,11,6.6,2.4576,0.354069,0.383721,1,20,1.0,0.53722,-2.2120788580073816,0.710542,0.061078,True,,39.5536,155,0,0,0,0,0,0.0,0.0,0.0,0.0,0,0,,,
erdos_renyi_20_1,erdos_renyi,20,66,pce_baseline_k2,2.0,3,6.67,0.347368,3,11,6.6,2.4576,0.354069,0.383721,1,20,1.0,0.53722,-2.7320592610097676,0.715959,0.040829,True,,8.5179,40,0,0,0,0,0,0.0,0.0,0.0,0.0,0,0,,,
erdos_renyi_20_1,erdos_renyi,20,66,llm_pce,2.0,10,2.0,0.347368,3,11,6.6,2.4576,0.354069,0.383721,1,20,1.0,0.53722,5.195807662969815,0.633377,0.015476,True,,,38,22,6,12,160,200,0.11,0.03,0.06,2.0,2,20,low_order_sufficient,Qwen/Qwen2.5-32B-Instruct,The graph is moderately dense with a single component and average degree of 6.6. Using k=2 allows efficient compression while maintaining diversity in Pauli operators.
erdos_renyi_20_2,erdos_renyi,20,91,baseline_qaoa,,20,1.0,0.478947,4,12,9.1,2.0224,0.482435,0.482005,1,20,1.0,0.614402,-4.740116042497144,0.784755,0.029509,True,,282.9039,32,0,0,0,0,0,0.0,0.0,0.0,0.0,0,0,,,
erdos_renyi_20_2,erdos_renyi,20,91,pce_baseline_k1,1.0,7,2.86,0.478947,4,12,9.1,2.0224,0.482435,0.482005,1,20,1.0,0.614402,-3.2194445456476415,0.772291,0.025132,True,,29.7078,91,0,0,0,0,0,0.0,0.0,0.0,0.0,0,0,,,
erdos_renyi_20_2,erdos_renyi,20,91,pce_baseline_k2,2.0,3,6.67,0.478947,4,12,9.1,2.0224,0.482435,0.482005,1,20,1.0,0.614402,-6.093663399771363,0.79585,0.072856,True,,11.554,80,0,0,0,0,0,0.0,0.0,0.0,0.0,0,0,,,
erdos_renyi_20_2,erdos_renyi,20,91,llm_pce,2.0,10,2.0,0.478947,4,12,9.1,2.0224,0.482435,0.482005,1,20,1.0,0.614402,-2.468151096125341,0.766132,0.037262,True,,,58,15,13,12,160,200,0.075,0.065,0.06,2.0,2,20,low_order_sufficient,Qwen/Qwen2.5-32B-Instruct,The graph is moderately dense with a single component and relatively uniform degree distribution. Using k=2 allows efficient compression while maintaining diversity in Pauli assignments.
erdos_renyi_20_3,erdos_renyi,20,84,baseline_qaoa,,20,1.0,0.442105,6,12,8.4,1.8547,0.40623,0.411585,1,20,1.0,0.605032,-2.6820296533623167,0.747259,0.024855,True,,279.9441,35,0,0,0,0,0,0.0,0.0,0.0,0.0,0,0,,,
erdos_renyi_20_3,erdos_renyi,20,84,pce_baseline_k1,1.0,7,2.86,0.442105,6,12,8.4,1.8547,0.40623,0.411585,1,20,1.0,0.605032,-0.7701577025685301,0.730777,0.232741,False,,50.6638,200,0,0,0,0,0,0.0,0.0,0.0,0.0,0,0,,,
erdos_renyi_20_3,erdos_renyi,20,84,pce_baseline_k2,2.0,3,6.67,0.442105,6,12,8.4,1.8547,0.40623,0.411585,1,20,1.0,0.605032,-5.35414235242261,0.770294,0.10667,False,,12.15,200,0,0,0,0,0,0.0,0.0,0.0,0.0,0,0,,,
erdos_renyi_20_3,erdos_renyi,20,84,llm_pce,2.0,10,2.0,0.442105,6,12,8.4,1.8547,0.40623,0.411585,1,20,1.0,0.605032,-0.03494005690816908,0.724439,0.00337,True,,,52,14,14,12,160,200,0.07,0.07,0.06,2.0,2,20,low_order_sufficient,Qwen/Qwen2.5-32B-Instruct,"The graph is moderately dense with a high degree mean and standard deviation, suggesting a balanced approach with k=2 to balance qubit efficiency and training complexity."
erdos_renyi_20_4,erdos_renyi,20,124,baseline_qaoa,,20,1.0,0.652632,10,16,12.4,1.7146,0.628189,0.629938,1,20,1.0,0.800193,-5.57116721775374,0.820071,0.044084,True,,486.2897,42,0,0,0,0,0,0.0,0.0,0.0,0.0,0,0,,,
erdos_renyi_20_4,erdos_renyi,20,124,pce_baseline_k1,1.0,7,2.86,0.652632,10,16,12.4,1.7146,0.628189,0.629938,1,20,1.0,0.800193,-3.482592955273775,0.806852,0.162149,False,,55.9963,200,0,0,0,0,0,0.0,0.0,0.0,0.0,0,0,,,
erdos_renyi_20_4,erdos_renyi,20,124,pce_baseline_k2,2.0,3,6.67,0.652632,10,16,12.4,1.7146,0.628189,0.629938,1,20,1.0,0.800193,-5.582539018405476,0.820143,0.148198,False,,16.5507,200,0,0,0,0,0,0.0,0.0,0.0,0.0,0,0,,,
erdos_renyi_20_4,erdos_renyi,20,124,llm_pce,2.0,10,2.0,0.652632,10,16,12.4,1.7146,0.628189,0.629938,1,20,1.0,0.800193,41.73106288796799,0.520689,2.748565,False,,,200,26,6,6,162,200,0.13,0.03,0.03,1.9,2,20,gradient_risk,Qwen/Qwen2.5-32B-Instruct,"The graph is dense with high connectivity and average degree. Using k=2 helps reduce the number of qubits needed while maintaining diversity in Pauli operators. However, there is a risk of encountering barren plateaus due to the complexity."
erdos_renyi_8_0,erdos_renyi,8,16,baseline_qaoa,,8,1.0,0.571429,3,5,4.0,0.7071,0.425,0.42,1,8,1.0,0.66738,-1.8783918696463349,0.744933,0.004083,True,,0.2598,35,0,0,0,0,0,0.0,0.0,0.0,0.0,0,0,,,
erdos_renyi_8_0,erdos_renyi,8,16,pce_baseline_k1,1.0,3,2.67,0.571429,3,5,4.0,0.7071,0.425,0.42,1,8,1.0,0.66738,-2.695786017597829,0.834789,0.017291,True,,1.7028,168,0,0,0,0,0,0.0,0.0,0.0,0.0,0,0,,,
erdos_renyi_8_0,erdos_renyi,8,16,pce_baseline_k2,2.0,2,4.0,0.571429,3,5,4.0,0.7071,0.425,0.42,1,8,1.0,0.66738,-3.102567982910081,0.855128,0.024262,True,,0.4146,43,0,0,0,0,0,0.0,0.0,0.0,0.0,0,0,,,
erdos_renyi_8_0,erdos_renyi,8,16,llm_pce,2.0,4,2.0,0.571429,3,5,4.0,0.7071,0.425,0.42,1,8,1.0,0.66738,-2.9450423751717505,0.789377,0.002863,True,,,36,6,5,5,16,32,0.1875,0.1562,0.1562,2.0,2,8,low_order_sufficient,Qwen/Qwen2.5-32B-Instruct,The graph is moderately dense with a density of 0.571429 and average degree of 4.0. Using k=2 allows efficient use of qubits while maintaining a manageable training landscape.
erdos_renyi_8_1,erdos_renyi,8,11,baseline_qaoa,,8,1.0,0.392857,2,4,2.75,0.6614,0.395833,0.285714,1,8,1.0,0.311973,-0.956241615574744,0.664236,0.001559,True,,0.2025,35,0,0,0,0,0,0.0,0.0,0.0,0.0,0,0,,,
erdos_renyi_8_1,erdos_renyi,8,11,pce_baseline_k1,1.0,3,2.67,0.392857,2,4,2.75,0.6614,0.395833,0.285714,1,8,1.0,0.311973,-1.0812165574920984,0.671179,0.001159,True,,0.5092,43,0,0,0,0,0,0.0,0.0,0.0,0.0,0,0,,,
erdos_renyi_8_1,erdos_renyi,8,11,pce_baseline_k2,2.0,2,4.0,0.392857,2,4,2.75,0.6614,0.395833,0.285714,1,8,1.0,0.311973,-1.4088059528287744,0.689378,0.00078,True,,0.4571,48,0,0,0,0,0,0.0,0.0,0.0,0.0,0,0,,,
erdos_renyi_8_1,erdos_renyi,8,11,llm_pce,2.0,4,2.0,0.392857,2,4,2.75,0.6614,0.395833,0.285714,1,8,1.0,0.311973,-1.8284269068935832,0.71269,0.005908,True,,,43,6,6,4,16,32,0.1875,0.1875,0.125,2.0,2,8,low_order_sufficient,Qwen/Qwen2.5-32B-Instruct,"The graph is not highly dense and has a moderate degree range, making k=2 suitable for efficient representation while avoiding potential barren plateaus."
erdos_renyi_8_2,erdos_renyi,8,20,baseline_qaoa,,8,1.0,0.714286,3,7,5.0,1.5811,0.838095,0.733333,1,8,1.0,0.833333,-1.6719130548055856,0.773997,0.009587,True,,0.3426,42,0,0,0,0,0,0.0,0.0,0.0,0.0,0,0,,,
erdos_renyi_8_2,erdos_renyi,8,20,pce_baseline_k1,1.0,3,2.67,0.714286,3,7,5.0,1.5811,0.838095,0.733333,1,8,1.0,0.833333,-2.1503864025344064,0.791085,0.130366,False,,2.1581,200,0,0,0,0,0,0.0,0.0,0.0,0.0,0,0,,,
erdos_renyi_8_2,erdos_renyi,8,20,pce_baseline_k2,2.0,2,4.0,0.714286,3,7,5.0,1.5811,0.838095,0.733333,1,8,1.0,0.833333,-3.77977651580536,0.849278,0.023388,True,,0.5748,45,0,0,0,0,0,0.0,0.0,0.0,0.0,0,0,,,
erdos_renyi_8_2,erdos_renyi,8,20,llm_pce,2.0,4,2.0,0.714286,3,7,5.0,1.5811,0.838095,0.733333,1,8,1.0,0.833333,-1.5102337582597143,0.768223,0.004336,True,,,37,6,6,4,16,32,0.1875,0.1875,0.125,2.0,2,8,gradient_risk,Qwen/Qwen2.5-32B-Instruct,"The graph is dense with high modularity, suggesting k=2 for better compression while monitoring gradient risk."
erdos_renyi_8_3,erdos_renyi,8,17,baseline_qaoa,,8,1.0,0.607143,2,6,4.25,1.199,0.5625,0.639344,1,8,1.0,0.609257,-1.9902012839295276,0.791258,0.00666,True,,0.2731,36,0,0,0,0,0,0.0,0.0,0.0,0.0,0,0,,,
erdos_renyi_8_3,erdos_renyi,8,17,pce_baseline_k1,1.0,3,2.67,0.607143,2,6,4.25,1.199,0.5625,0.639344,1,8,1.0,0.609257,-1.324867760135447,0.763536,0.014946,True,,0.7772,71,0,0,0,0,0,0.0,0.0,0.0,0.0,0,0,,,
erdos_renyi_8_3,erdos_renyi,8,17,pce_baseline_k2,2.0,2,4.0,0.607143,2,6,4.25,1.199,0.5625,0.639344,1,8,1.0,0.609257,-2.3781105394428876,0.807421,0.008006,True,,0.4276,38,0,0,0,0,0,0.0,0.0,0.0,0.0,0,0,,,
erdos_renyi_8_3,erdos_renyi,8,17,llm_pce,2.0,4,2.0,0.607143,2,6,4.25,1.199,0.5625,0.639344,1,8,1.0,0.609257,-2.529041029838075,0.81371,0.001812,True,,,35,6,5,5,16,32,0.1875,0.1562,0.1562,2.0,2,8,needs_higher_order,Qwen/Qwen2.5-32B-Instruct,"The graph is dense with a high degree mean and standard deviation, suggesting a higher-order encoding is needed to capture the complexity."
erdos_renyi_8_4,erdos_renyi,8,14,baseline_qaoa,,8,1.0,0.5,1,6,3.5,1.3229,0.558333,0.571429,1,8,1.0,0.49678,-1.5734743018521191,0.778674,0.004001,True,,0.3094,44,0,0,0,0,0,0.0,0.0,0.0,0.0,0,0,,,
erdos_renyi_8_4,erdos_renyi,8,14,pce_baseline_k1,1.0,3,2.67,0.5,1,6,3.5,1.3229,0.558333,0.571429,1,8,1.0,0.49678,-2.695786017597829,0.834789,0.017291,True,,1.6996,168,0,0,0,0,0,0.0,0.0,0.0,0.0,0,0,,,
erdos_renyi_8_4,erdos_renyi,8,14,pce_baseline_k2,2.0,2,4.0,0.5,1,6,3.5,1.3229,0.558333,0.571429,1,8,1.0,0.49678,-3.102567982910081,0.855128,0.024262,True,,0.4922,43,0,0,0,0,0,0.0,0.0,0.0,0.0,0,0,,,
erdos_renyi_8_4,erdos_renyi,8,14,llm_pce,2.0,4,2.0,0.5,1,6,3.5,1.3229,0.558333,0.571429,1,8,1.0,0.49678,-0.5941595812752037,0.729708,0.000625,True,,,35,6,6,4,16,32,0.1875,0.1875,0.125,2.0,2,8,low_order_sufficient,Qwen/Qwen2.5-32B-Instruct,The graph is moderately dense with a density of 0.5 and average degree of 3.5. Using k=2 allows efficient representation while avoiding potential barren plateaus.
erdos_renyi_8_42,erdos_renyi,8,18,baseline_qaoa,,8,1.0,0.642857,3,6,4.5,1.118,0.625,0.617647,1,8,1.0,0.638039,-1.7835162882166105,0.706554,0.00259,True,,0.2754,34,0,0,0,0,0,0.0,0.0,0.0,0.0,0,0,,,
erdos_renyi_8_42,erdos_renyi,8,18,pce_baseline_k1,1.0,3,2.67,0.642857,3,6,4.5,1.118,0.625,0.617647,1,8,1.0,0.638039,-2.1095115794818486,0.718197,0.01948,True,,0.9694,76,5,6,5,0,16,0.3125,0.375,0.3125,2.0,2,8,,,
erdos_renyi_8_42,erdos_renyi,8,18,pce_baseline_k2,2.0,2,4.0,0.642857,3,6,4.5,1.118,0.625,0.617647,1,8,1.0,0.638039,-4.597384242914863,0.807049,0.023268,True,,0.3899,41,5,6,5,0,16,0.3125,0.375,0.3125,2.0,2,8,,,
erdos_renyi_8_42,erdos_renyi,8,18,llm_pce,2.0,,,0.642857,3,6,4.5,1.118,0.625,0.617647,1,8,1.0,0.638039,-4.597384242914863,0.807049,0.001,True,,,,6,6,4,16,32,0.1875,0.1875,0.125,2.0,2,8,,,
